{"systemName":"Loci 0863761.[634,41,-667,52,-67893,90]","playerPos":{"x":316.541718,"y":-184.595657,"z":-741.9595,"normalized":{"x":0.382521659,"y":-0.223072767,"z":-0.8966135,"magnitude":1.0,"sqrMagnitude":1.0},"magnitude":827.5132,"sqrMagnitude":684778.063},"worldPos":{"x":-561.971558,"y":97.31732,"z":1962.36,"normalized":{"x":-0.2749963,"y":0.047621455,"z":0.9602652,"magnitude":1.0,"sqrMagnitude":1.00000012},"magnitude":2043.56042,"sqrMagnitude":4176139.5}}