{"worldPos":{"x":0.0,"y":0.0,"z":0.0,"magnitude":0.0,"sqrMagnitude":0.0},"pos":{"x":-6.60991335,"y":0.219864473,"z":-3.32879329,"normalized":{"x":-0.892741263,"y":0.0296951085,"z":-0.449590027,"magnitude":1.0,"sqrMagnitude":0.99999994},"magnitude":7.4040637,"sqrMagnitude":54.82016},"rot":{"x":317.503448,"y":152.697479,"z":352.7583,"normalized":{"x":0.63683933,"y":0.306276232,"z":0.7075525,"magnitude":1.0,"sqrMagnitude":1.0},"magnitude":498.5613,"sqrMagnitude":248563.375},"fuel":970.4483,"health":100.0,"shields":100.0,"speed":0.0660901442,"keys":{}}