{"worldPos":{"x":3330.33,"y":119.910324,"z":-7254.9624,"normalized":{"x":0.41713956,"y":0.0150193339,"z":-0.9087183,"normalized":{"x":0.4171396,"y":0.0150193349,"z":-0.908718348,"magnitude":1.0,"sqrMagnitude":1.0},"magnitude":0.99999994,"sqrMagnitude":0.99999994},"magnitude":7983.731,"sqrMagnitude":63739956.0},"pos":{"x":-780.6943,"y":142.149643,"z":407.475433,"normalized":{"x":-0.8751835,"y":0.159354344,"z":0.456793159,"magnitude":1.0,"sqrMagnitude":1.0},"magnitude":892.0349,"sqrMagnitude":795726.3},"rot":{"x":348.2264,"y":44.24422,"z":279.081818,"normalized":{"x":0.7765141,"y":0.0986607,"z":0.6223278,"magnitude":1.0,"sqrMagnitude":1.0},"magnitude":448.448273,"sqrMagnitude":201105.844},"fuel":967.498352,"health":100.0,"shields":100.0,"speed":0.04511379,"keys":{}}