{"worldPos":{"x":7.248025,"y":-56.38218,"z":12.3049383,"normalized":{"x":0.124616459,"y":-0.9693879,"z":0.211560786,"magnitude":1.0,"sqrMagnitude":1.00000012},"magnitude":58.1626625,"sqrMagnitude":3382.89551},"pos":{"x":7.248025,"y":-56.38218,"z":12.3049383,"normalized":{"x":0.124616459,"y":-0.9693879,"z":0.211560786,"magnitude":1.0,"sqrMagnitude":1.00000012},"magnitude":58.1626625,"sqrMagnitude":3382.89551},"rot":{"x":73.79019,"y":77.5362,"z":127.117126,"normalized":{"x":0.444039136,"y":0.4665811,"z":0.7649388,"magnitude":1.0,"sqrMagnitude":1.0},"magnitude":166.179474,"sqrMagnitude":27615.62},"fuel":877.35376,"health":100.0,"shields":100.0,"speed":2.0,"keys":{}}