{"WorldPos":{"x":11.6550913,"y":13.2237835,"z":0.09432354,"normalized":{"x":0.6611989,"y":0.750191569,"z":0.00535101956,"magnitude":1.0,"sqrMagnitude":1.0},"magnitude":17.6272087,"sqrMagnitude":310.7185},"Pos":{"x":11.6550913,"y":13.2237835,"z":0.09432354,"normalized":{"x":0.6611989,"y":0.750191569,"z":0.00535101956,"magnitude":1.0,"sqrMagnitude":1.0},"magnitude":17.6272087,"sqrMagnitude":310.7185},"Rot":{"x":41.9909325,"y":92.7454758,"z":334.260437,"normalized":{"x":0.12017291,"y":0.2654262,"z":0.956612468,"magnitude":1.0,"sqrMagnitude":1.0},"magnitude":349.420959,"sqrMagnitude":122095.0},"Fuel":781.6571,"Health":90.13156,"Shields":100.0,"Speed":1.50383639,"Keys":{},"IsLanded":null}