{"worldPos":{"x":1556.52307,"y":9.443703,"z":-2417.00562,"normalized":{"x":0.5414274,"y":0.00328493631,"z":-0.840741158,"magnitude":1.0,"sqrMagnitude":1.00000012},"magnitude":2874.851,"sqrMagnitude":8264769.5},"pos":{"x":-99.19361,"y":18.2943382,"z":260.608521,"normalized":{"x":-0.354963422,"y":0.06546612,"z":0.9325852,"magnitude":1.0,"sqrMagnitude":0.99999994},"magnitude":279.447418,"sqrMagnitude":78090.86},"rot":{"x":44.9589729,"y":292.0321,"z":188.813583,"normalized":{"x":0.1282165,"y":0.832833469,"z":0.538469136,"magnitude":1.0,"sqrMagnitude":1.00000012},"magnitude":350.648865,"sqrMagnitude":122954.625},"fuel":957.3079,"health":96.38924,"shields":100.0,"speed":0.00335290679,"keys":{}}