{"WorldPos":{"x":19.1301823,"y":16.8402977,"z":0.00533029437,"normalized":{"x":0.7506018,"y":0.66075474,"z":0.000209142221,"magnitude":1.0,"sqrMagnitude":1.0},"magnitude":25.4864578,"sqrMagnitude":649.5595},"Pos":{"x":19.1301823,"y":16.8402977,"z":0.00533029437,"normalized":{"x":0.7506018,"y":0.66075474,"z":0.000209142221,"magnitude":1.0,"sqrMagnitude":1.0},"magnitude":25.4864578,"sqrMagnitude":649.5595},"Rot":{"x":62.9217262,"y":338.6594,"z":332.4673,"normalized":{"x":0.131434277,"y":0.7074099,"z":0.694475532,"magnitude":1.0,"sqrMagnitude":1.0},"magnitude":478.731476,"sqrMagnitude":229183.828},"Fuel":925.0959,"Health":98.8157959,"Shields":100.0,"Speed":0.0,"Keys":{},"IsLanded":null,"quests":[{"seed":5182831,"character":{"firstName":"Lamel","lastName":"Rollo","characterID":5182831,"fraction":3},"stationName":"Information Orbital #0","solarName":"Information 0497062"}]}