{"WorldPos":{"x":6.584493E-05,"y":6.83715057,"z":0.00647997251,"normalized":{"x":9.630459E-06,"y":0.9999996,"z":0.000947758846,"magnitude":1.0,"sqrMagnitude":1.00000012},"magnitude":6.83715343,"sqrMagnitude":46.74667},"Pos":{"x":6.13185039E-05,"y":6.837142,"z":0.00648370944,"normalized":{"x":8.968437E-06,"y":0.9999996,"z":0.0009483066,"magnitude":1.0,"sqrMagnitude":1.00000012},"magnitude":6.837145,"sqrMagnitude":46.74655},"Rot":{"x":-0.0005357348,"y":89.98174,"z":0.00727724144,"normalized":{"x":-5.953817E-06,"y":1.0,"z":8.087464E-05,"magnitude":1.0,"sqrMagnitude":1.0},"magnitude":89.98174,"sqrMagnitude":8096.714},"Fuel":710.056763,"Health":98.0,"Shields":100.0,"Speed":0.0,"Keys":{},"IsLanded":{"pos":{"x":-1.134828E-15,"y":6.8370285,"z":0.00653433148,"normalized":{"x":-1.65982551E-16,"y":0.9999995,"z":0.000955726369,"magnitude":1.0,"sqrMagnitude":0.99999994},"magnitude":6.837032,"sqrMagnitude":46.7450027},"rot":{"x":-5.960466E-08,"y":0.707106769,"z":-1.1920929E-07,"w":0.707106769,"eulerAngles":{"x":4.82967243E-06,"y":90.0,"z":-1.448902E-05,"normalized":{"x":5.3663026E-08,"y":1.0,"z":-1.60989117E-07,"magnitude":1.0,"sqrMagnitude":1.0},"magnitude":90.0,"sqrMagnitude":8100.0},"normalized":{"x":-5.96046661E-08,"y":0.7071068,"z":-1.192093E-07,"w":0.7071068,"eulerAngles":{"x":4.82967243E-06,"y":90.0,"z":-1.448902E-05,"normalized":{"x":5.3663026E-08,"y":1.0,"z":-1.60989117E-07,"magnitude":1.0,"sqrMagnitude":1.0},"magnitude":90.0,"sqrMagnitude":8100.0}}}},"quests":[{"seed":5198617,"character":{"firstName":null,"lastName":null,"characterID":5198617,"fraction":0},"stationName":"Registered Orbital #0","solarName":"Registered 0839056","state":3}],"items":[{"idName":"mine_laser_v1","value":1.0},{"idName":"mine_laser_v1","value":1.0}]}