{"WorldPos":{"x":14.3800011,"y":6.837028,"z":0.00653337641,"normalized":{"x":0.9031185,"y":0.429391235,"z":0.000410320761,"magnitude":1.0,"sqrMagnitude":1.0},"magnitude":15.9226074,"sqrMagnitude":253.529419},"Pos":{"x":14.3800011,"y":6.837028,"z":0.00653337641,"normalized":{"x":0.9031185,"y":0.429391235,"z":0.000410320761,"magnitude":1.0,"sqrMagnitude":1.0},"magnitude":15.9226074,"sqrMagnitude":253.529419},"Rot":{"x":4.82967471E-06,"y":90.00001,"z":-1.448902E-05,"normalized":{"x":5.36630473E-08,"y":1.0,"z":-1.609891E-07,"magnitude":1.0,"sqrMagnitude":1.0},"magnitude":90.00001,"sqrMagnitude":8100.00146},"Fuel":461.715668,"Health":55.6880341,"Shields":100.0,"Speed":0.0,"Keys":{},"IsLanded":{"pos":{"x":14.38,"y":6.83702755,"z":0.006533377,"normalized":{"x":0.9031185,"y":0.429391235,"z":0.000410320819,"magnitude":1.0,"sqrMagnitude":1.0},"magnitude":15.9226065,"sqrMagnitude":253.529388},"rot":{"x":-5.960466E-08,"y":0.707106769,"z":-1.1920929E-07,"w":0.707106769,"eulerAngles":{"x":4.82967243E-06,"y":90.0,"z":-1.448902E-05,"normalized":{"x":5.3663026E-08,"y":1.0,"z":-1.60989117E-07,"magnitude":1.0,"sqrMagnitude":1.0},"magnitude":90.0,"sqrMagnitude":8100.0},"normalized":{"x":-5.96046661E-08,"y":0.7071068,"z":-1.192093E-07,"w":0.7071068,"eulerAngles":{"x":4.82967243E-06,"y":90.0,"z":-1.448902E-05,"normalized":{"x":5.3663026E-08,"y":1.0,"z":-1.60989117E-07,"magnitude":1.0,"sqrMagnitude":1.0},"magnitude":90.0,"sqrMagnitude":8100.0}}}},"quests":[]}