{"WorldPos":{"x":-427.3628,"y":-309.477783,"z":-652.7093,"normalized":{"x":-0.5091822,"y":-0.3687279,"z":-0.7776717,"magnitude":1.0,"sqrMagnitude":1.0},"magnitude":839.312134,"sqrMagnitude":704444.9},"Pos":{"x":224.894409,"y":-296.954773,"z":-467.428772,"normalized":{"x":0.376264244,"y":-0.496826321,"z":-0.7820414,"normalized":{"x":0.376264274,"y":-0.496826351,"z":-0.78204143,"magnitude":1.0,"sqrMagnitude":1.0},"magnitude":0.99999994,"sqrMagnitude":0.9999999},"magnitude":597.703369,"sqrMagnitude":357249.281},"Rot":{"x":18.2208462,"y":184.881226,"z":264.8824,"normalized":{"x":0.0563177764,"y":0.571438849,"z":0.8187099,"magnitude":1.0,"sqrMagnitude":0.99999994},"magnitude":323.536316,"sqrMagnitude":104675.742},"Fuel":548.3279,"Health":57.50494,"Shields":100.0,"Speed":2.46875437E-13,"Keys":{},"IsLanded":null,"quests":[],"items":[]}