{"WorldPos":{"x":4.74919558,"y":6.838544,"z":0.0053406097,"normalized":{"x":0.570412457,"y":0.8213582,"z":0.0006414456,"magnitude":1.0,"sqrMagnitude":1.00000012},"magnitude":8.325897,"sqrMagnitude":69.32057},"Pos":{"x":4.74919558,"y":6.838544,"z":0.0053406097,"normalized":{"x":0.570412457,"y":0.8213582,"z":0.0006414456,"magnitude":1.0,"sqrMagnitude":1.00000012},"magnitude":8.325897,"sqrMagnitude":69.32057},"Rot":{"x":0.0248934384,"y":89.92737,"z":359.9903,"normalized":{"x":6.70887239E-05,"y":0.242357537,"z":0.970187,"magnitude":1.0,"sqrMagnitude":1.0},"magnitude":371.0525,"sqrMagnitude":137679.938},"Fuel":880.8547,"Health":97.55179,"Shields":100.0,"Speed":0.00177685881,"Keys":{},"IsLanded":{"pos":{"x":4.75,"y":6.83702755,"z":0.006533377,"normalized":{"x":0.5705629,"y":0.8212535,"z":0.000784779433,"normalized":{"x":0.570562959,"y":0.821253538,"z":0.0007847795,"magnitude":1.0,"sqrMagnitude":1.00000012},"magnitude":0.99999994,"sqrMagnitude":0.99999994},"magnitude":8.325112,"sqrMagnitude":69.30749},"rot":{"x":5.96046448E-08,"y":-0.707106769,"z":1.1920929E-07,"w":-0.7071068,"eulerAngles":{"x":4.82967243E-06,"y":90.0,"z":-1.448902E-05,"normalized":{"x":5.3663026E-08,"y":1.0,"z":-1.60989117E-07,"magnitude":1.0,"sqrMagnitude":1.0},"magnitude":90.0,"sqrMagnitude":8100.0}}},"quests":[]}