{"worldPos":{"x":3.259629E-08,"y":-2570.497,"z":-2570.497,"normalized":{"x":8.96677E-12,"y":-0.707106769,"z":-0.707106769,"magnitude":1.0,"sqrMagnitude":0.99999994},"magnitude":3635.232,"sqrMagnitude":1.321491E+07},"pos":{"x":2.08092976,"y":7.18175173,"z":-3.74680233,"normalized":{"x":0.248814031,"y":0.8587126,"z":-0.448000222,"magnitude":1.0,"sqrMagnitude":1.0},"magnitude":8.363394,"sqrMagnitude":69.94636},"rot":{"x":12.1141376,"y":22.2169266,"z":326.222015,"normalized":{"x":0.03702342,"y":0.06789973,"z":0.997005,"magnitude":1.0,"sqrMagnitude":1.0},"magnitude":327.202,"sqrMagnitude":107061.148},"fuel":1000.0,"health":100.0,"shields":100.0,"speed":0.0,"keys":{}}