{"WorldPos":{"x":9.74998,"y":6.83703756,"z":0.00653336477,"normalized":{"x":0.818756044,"y":0.574141264,"z":0.0005486403,"magnitude":1.0,"sqrMagnitude":0.99999994},"magnitude":11.9082842,"sqrMagnitude":141.807236},"Pos":{"x":9.74998,"y":6.83703756,"z":0.00653336477,"normalized":{"x":0.818756044,"y":0.574141264,"z":0.0005486403,"magnitude":1.0,"sqrMagnitude":0.99999994},"magnitude":11.9082842,"sqrMagnitude":141.807236},"Rot":{"x":4.82968426E-06,"y":89.99979,"z":-1.4489051E-05,"normalized":{"x":5.36632854E-08,"y":1.0,"z":-1.60989842E-07,"magnitude":1.0,"sqrMagnitude":1.0},"magnitude":89.99979,"sqrMagnitude":8099.96143},"Fuel":610.155334,"Health":100.0,"Shields":100.0,"Speed":0.00576943345,"Keys":{},"IsLanded":{"pos":{"x":9.75,"y":6.83702755,"z":0.006533377,"normalized":{"x":0.818757057,"y":0.574139953,"z":0.000548640848,"magnitude":1.0,"sqrMagnitude":1.00000012},"magnitude":11.9082947,"sqrMagnitude":141.8075},"rot":{"x":5.96046448E-08,"y":-0.707106769,"z":1.1920929E-07,"w":-0.7071068,"eulerAngles":{"x":4.82967243E-06,"y":90.0,"z":-1.448902E-05,"normalized":{"x":5.3663026E-08,"y":1.0,"z":-1.60989117E-07,"magnitude":1.0,"sqrMagnitude":1.0},"magnitude":90.0,"sqrMagnitude":8100.0}}}}