{"WorldPos":{"x":11.4601917,"y":10.5184345,"z":-15.827774,"normalized":{"x":0.516407251,"y":0.4739708,"z":-0.713214755,"magnitude":1.0,"sqrMagnitude":1.0},"magnitude":22.1921577,"sqrMagnitude":492.491882},"Pos":{"x":11.4601917,"y":10.5184345,"z":-15.827774,"normalized":{"x":0.516407251,"y":0.4739708,"z":-0.713214755,"magnitude":1.0,"sqrMagnitude":1.0},"magnitude":22.1921577,"sqrMagnitude":492.491882},"Rot":{"x":340.140533,"y":58.3958244,"z":223.088943,"normalized":{"x":0.827706933,"y":0.142101929,"z":0.5428705,"normalized":{"x":0.8277068,"y":0.142101914,"z":0.542870462,"normalized":{"x":0.8277069,"y":0.142101929,"z":0.5428705,"magnitude":1.0,"sqrMagnitude":1.0},"magnitude":0.99999994,"sqrMagnitude":0.9999999},"magnitude":1.00000012,"sqrMagnitude":1.00000012},"magnitude":410.9432,"sqrMagnitude":168874.328},"Fuel":801.9837,"Health":100.0,"Shields":100.0,"Speed":0.0,"Keys":{},"IsLanded":null,"quests":[{"seed":5198617,"character":{"firstName":"Camesha","lastName":"Hennighausen","characterID":5198617,"fraction":0},"stationName":"Registered Orbital #0","solarName":"Registered 0839056","state":0}],"items":[{"idName":"data_card","value":1.0},{"idName":"data_card","value":1.0}]}