{"WorldPos":{"x":-680.1637,"y":-56.89908,"z":7093.366,"normalized":{"x":-0.09544645,"y":-0.007984571,"z":0.9954025,"magnitude":1.0,"sqrMagnitude":0.99999994},"magnitude":7126.12842,"sqrMagnitude":50781704.0},"Pos":{"x":570.705933,"y":-56.45114,"z":-76.839,"normalized":{"x":0.9863297,"y":-0.097562395,"z":-0.132797956,"magnitude":1.0,"sqrMagnitude":0.99999994},"magnitude":578.6158,"sqrMagnitude":334796.219},"Rot":{"x":5.363107,"y":234.801865,"z":148.45459,"normalized":{"x":0.019302316,"y":0.845073462,"z":0.5343017,"magnitude":1.0,"sqrMagnitude":1.0},"magnitude":277.84787,"sqrMagnitude":77199.4453},"Fuel":9.853067,"Health":98.28914,"Shields":100.0,"Speed":0.0,"Keys":{},"IsLanded":null,"quests":[],"items":[]}