{"WorldPos":{"x":-409.9473,"y":-89.89763,"z":-4127.446,"normalized":{"x":-0.09881276,"y":-0.0216687173,"z":-0.994870067,"magnitude":1.0,"sqrMagnitude":0.99999994},"magnitude":4148.72852,"sqrMagnitude":17211948.0},"Pos":{"x":-265.130524,"y":-94.68076,"z":-524.690735,"normalized":{"x":-0.445261866,"y":-0.15900746,"z":-0.8811689,"normalized":{"x":-0.4452618,"y":-0.159007445,"z":-0.8811688,"normalized":{"x":-0.445261836,"y":-0.15900746,"z":-0.881168842,"magnitude":1.0,"sqrMagnitude":1.0},"magnitude":0.99999994,"sqrMagnitude":0.9999999},"magnitude":1.00000012,"sqrMagnitude":1.00000012},"magnitude":595.448547,"sqrMagnitude":354559.0},"Rot":{"x":10.5471907,"y":322.0645,"z":97.2468,"normalized":{"x":0.0313353,"y":0.95684135,"z":0.288916528,"magnitude":1.0,"sqrMagnitude":1.0},"magnitude":336.591339,"sqrMagnitude":113293.734},"Fuel":182.903976,"Health":89.1653748,"Shields":100.0,"Speed":1.73740232,"Keys":{},"IsLanded":null,"quests":[],"items":[]}