{"WorldPos":{"x":9.749987,"y":6.83703327,"z":0.00653336942,"normalized":{"x":0.818756461,"y":0.5741408,"z":0.000548640557,"magnitude":1.0,"sqrMagnitude":1.00000012},"magnitude":11.908287,"sqrMagnitude":141.807312},"Pos":{"x":9.749987,"y":6.83703327,"z":0.00653336942,"normalized":{"x":0.818756461,"y":0.5741408,"z":0.000548640557,"magnitude":1.0,"sqrMagnitude":1.00000012},"magnitude":11.908287,"sqrMagnitude":141.807312},"Rot":{"x":4.82968426E-06,"y":89.99987,"z":-1.448904E-05,"normalized":{"x":5.36632356E-08,"y":1.0,"z":-1.60989572E-07,"magnitude":1.0,"sqrMagnitude":1.0},"magnitude":89.99987,"sqrMagnitude":8099.97656},"Fuel":36.2926254,"Health":89.0031,"Shields":100.0,"Speed":0.0009897031,"Keys":{},"IsLanded":{"pos":{"x":9.749999,"y":6.837027,"z":0.00653337641,"normalized":{"x":0.818757,"y":0.574139953,"z":0.000548640848,"magnitude":1.0,"sqrMagnitude":1.0},"magnitude":11.9082937,"sqrMagnitude":141.807465},"rot":{"x":5.96046448E-08,"y":-0.707106769,"z":1.1920929E-07,"w":-0.7071068,"eulerAngles":{"x":4.82967243E-06,"y":90.0,"z":-1.448902E-05,"normalized":{"x":5.3663026E-08,"y":1.0,"z":-1.60989117E-07,"magnitude":1.0,"sqrMagnitude":1.0},"magnitude":90.0,"sqrMagnitude":8100.0}}}}