{"WorldPos":{"x":24.13,"y":6.837028,"z":0.00653337734,"normalized":{"x":0.962124646,"y":0.27260974,"z":0.00026050242,"magnitude":1.0,"sqrMagnitude":1.0},"magnitude":25.07991,"sqrMagnitude":629.001831},"Pos":{"x":24.13,"y":6.837028,"z":0.00653337734,"normalized":{"x":0.962124646,"y":0.27260974,"z":0.00026050242,"magnitude":1.0,"sqrMagnitude":1.0},"magnitude":25.07991,"sqrMagnitude":629.001831},"Rot":{"x":4.82967243E-06,"y":89.99999,"z":-1.448902E-05,"normalized":{"x":5.36630331E-08,"y":1.0,"z":-1.60989131E-07,"magnitude":1.0,"sqrMagnitude":1.0},"magnitude":89.99999,"sqrMagnitude":8099.99854},"Fuel":372.7159,"Health":90.13156,"Shields":100.0,"Speed":0.0,"Keys":{},"IsLanded":{"pos":{"x":24.1300011,"y":6.83702755,"z":0.006533377,"normalized":{"x":0.9621247,"y":0.27260974,"z":0.0002605024,"magnitude":1.0,"sqrMagnitude":1.00000012},"magnitude":25.07991,"sqrMagnitude":629.001953},"rot":{"x":-5.960466E-08,"y":0.707106769,"z":-1.1920929E-07,"w":0.707106769,"eulerAngles":{"x":4.82967243E-06,"y":90.0,"z":-1.448902E-05,"normalized":{"x":5.3663026E-08,"y":1.0,"z":-1.60989117E-07,"magnitude":1.0,"sqrMagnitude":1.0},"magnitude":90.0,"sqrMagnitude":8100.0},"normalized":{"x":-5.96046661E-08,"y":0.7071068,"z":-1.192093E-07,"w":0.7071068,"eulerAngles":{"x":4.82967243E-06,"y":90.0,"z":-1.448902E-05,"normalized":{"x":5.3663026E-08,"y":1.0,"z":-1.60989117E-07,"magnitude":1.0,"sqrMagnitude":1.0},"magnitude":90.0,"sqrMagnitude":8100.0}}}}}