{"WorldPos":{"x":0.0,"y":0.0,"z":0.0,"magnitude":0.0,"sqrMagnitude":0.0},"Pos":{"x":-634.696533,"y":-0.125408381,"z":220.191742,"normalized":{"x":-0.9447608,"y":-0.000186673351,"z":0.3277606,"magnitude":1.0,"sqrMagnitude":1.0},"magnitude":671.8066,"sqrMagnitude":451324.1},"Rot":{"x":327.482452,"y":209.2359,"z":328.623444,"normalized":{"x":0.6434625,"y":0.41112265,"z":0.6457044,"magnitude":1.0,"sqrMagnitude":0.99999994},"magnitude":508.9379,"sqrMagnitude":259017.781},"Fuel":993.5116,"Health":100.0,"Shields":100.0,"Speed":1.63971281E-10,"Keys":{},"IsLanded":null}