{"WorldPos":{"x":9.754067,"y":16.8596954,"z":0.00354164839,"normalized":{"x":0.500774443,"y":0.8655778,"z":0.000181828451,"magnitude":1.0,"sqrMagnitude":1.0},"magnitude":19.4779663,"sqrMagnitude":379.391174},"Pos":{"x":9.754067,"y":16.8596954,"z":0.00354164839,"normalized":{"x":0.500774443,"y":0.8655778,"z":0.000181828451,"magnitude":1.0,"sqrMagnitude":1.0},"magnitude":19.4779663,"sqrMagnitude":379.391174},"Rot":{"x":38.3525543,"y":160.7501,"z":73.3504,"normalized":{"x":0.212116718,"y":0.8890616,"z":0.405679554,"magnitude":1.0,"sqrMagnitude":1.0},"magnitude":180.808731,"sqrMagnitude":32691.7969},"Fuel":669.853943,"Health":100.0,"Shields":100.0,"Speed":0.0,"Keys":{},"IsLanded":null,"quests":[{"seed":-3090126,"character":{"firstName":null,"lastName":null,"characterID":9878820,"fraction":3},"stationName":"Recruiting Orbital #0","solarName":"Recruiting 0899056","state":3}],"items":[{"idName":"shield_generator_v1","value":1.0}]}