{"WorldPos":{"x":9.750005,"y":6.83703,"z":0.00653337454,"normalized":{"x":0.818757057,"y":0.574139833,"z":0.0005486404,"magnitude":1.0,"sqrMagnitude":0.99999994},"magnitude":11.9083,"sqrMagnitude":141.807617},"Pos":{"x":9.750005,"y":6.83703,"z":0.00653337454,"normalized":{"x":0.818757057,"y":0.574139833,"z":0.0005486404,"magnitude":1.0,"sqrMagnitude":0.99999994},"magnitude":11.9083,"sqrMagnitude":141.807617},"Rot":{"x":4.829664E-06,"y":89.99995,"z":-1.44890191E-05,"normalized":{"x":5.36629621E-08,"y":1.0,"z":-1.609892E-07,"magnitude":1.0,"sqrMagnitude":1.0},"magnitude":89.99995,"sqrMagnitude":8099.99},"Fuel":785.005066,"Health":91.46355,"Shields":100.0,"Speed":0.0,"Keys":{},"IsLanded":{"pos":{"x":9.75,"y":6.83702755,"z":0.006533377,"normalized":{"x":0.818757057,"y":0.574139953,"z":0.000548640848,"magnitude":1.0,"sqrMagnitude":1.00000012},"magnitude":11.9082947,"sqrMagnitude":141.8075},"rot":{"x":-5.960466E-08,"y":0.707106769,"z":-1.1920929E-07,"w":0.707106769,"eulerAngles":{"x":4.82967243E-06,"y":90.0,"z":-1.448902E-05,"normalized":{"x":5.3663026E-08,"y":1.0,"z":-1.60989117E-07,"magnitude":1.0,"sqrMagnitude":1.0},"magnitude":90.0,"sqrMagnitude":8100.0},"normalized":{"x":-5.96046661E-08,"y":0.7071068,"z":-1.192093E-07,"w":0.7071068,"eulerAngles":{"x":4.82967243E-06,"y":90.0,"z":-1.448902E-05,"normalized":{"x":5.3663026E-08,"y":1.0,"z":-1.60989117E-07,"magnitude":1.0,"sqrMagnitude":1.0},"magnitude":90.0,"sqrMagnitude":8100.0}}}}}