{"WorldPos":{"x":14.3800011,"y":6.837028,"z":0.00653385324,"normalized":{"x":0.9031185,"y":0.429391235,"z":0.0004103507,"magnitude":1.0,"sqrMagnitude":1.0},"magnitude":15.9226074,"sqrMagnitude":253.529419},"Pos":{"x":14.3800011,"y":6.837028,"z":0.00653385324,"normalized":{"x":0.9031185,"y":0.429391235,"z":0.0004103507,"magnitude":1.0,"sqrMagnitude":1.0},"magnitude":15.9226074,"sqrMagnitude":253.529419},"Rot":{"x":4.829674E-06,"y":89.99999,"z":-1.44890219E-05,"normalized":{"x":5.36630473E-08,"y":1.0,"z":-1.60989146E-07,"magnitude":1.0,"sqrMagnitude":1.0},"magnitude":89.99999,"sqrMagnitude":8099.99854},"Fuel":781.3233,"Health":90.13156,"Shields":100.0,"Speed":0.0,"Keys":{},"IsLanded":{"pos":{"x":14.38,"y":6.83702755,"z":0.00653385371,"normalized":{"x":0.9031185,"y":0.429391235,"z":0.000410350767,"magnitude":1.0,"sqrMagnitude":1.0},"magnitude":15.9226065,"sqrMagnitude":253.529388},"rot":{"x":-5.960466E-08,"y":0.707106769,"z":-1.1920929E-07,"w":0.707106769,"eulerAngles":{"x":4.82967243E-06,"y":90.0,"z":-1.448902E-05,"normalized":{"x":5.3663026E-08,"y":1.0,"z":-1.60989117E-07,"magnitude":1.0,"sqrMagnitude":1.0},"magnitude":90.0,"sqrMagnitude":8100.0},"normalized":{"x":-5.96046661E-08,"y":0.7071068,"z":-1.192093E-07,"w":0.7071068,"eulerAngles":{"x":4.82967243E-06,"y":90.0,"z":-1.448902E-05,"normalized":{"x":5.3663026E-08,"y":1.0,"z":-1.60989117E-07,"magnitude":1.0,"sqrMagnitude":1.0},"magnitude":90.0,"sqrMagnitude":8100.0}}}}}