{"WorldPos":{"x":9.75001,"y":6.83704,"z":0.006526477,"normalized":{"x":0.818756759,"y":0.574140251,"z":0.000548060751,"magnitude":1.0,"sqrMagnitude":0.99999994},"magnitude":11.90831,"sqrMagnitude":141.807846},"Pos":{"x":9.750009,"y":6.83703852,"z":0.006527185,"normalized":{"x":0.8187568,"y":0.5741402,"z":0.000548120239,"magnitude":1.0,"sqrMagnitude":1.0},"magnitude":11.908308,"sqrMagnitude":141.8078},"Rot":{"x":0.000331260118,"y":89.99929,"z":5.14695148E-06,"normalized":{"x":3.680697E-06,"y":1.0,"z":5.71888E-08,"magnitude":1.0,"sqrMagnitude":1.0},"magnitude":89.99929,"sqrMagnitude":8099.872},"Fuel":545.0562,"Health":97.55179,"Shields":100.0,"Speed":1.51483084E-06,"Keys":{},"IsLanded":{"pos":{"x":9.75,"y":6.83702755,"z":0.006533377,"normalized":{"x":0.818757057,"y":0.574139953,"z":0.000548640848,"magnitude":1.0,"sqrMagnitude":1.00000012},"magnitude":11.9082947,"sqrMagnitude":141.8075},"rot":{"x":5.96046448E-08,"y":-0.707106769,"z":1.1920929E-07,"w":-0.7071068,"eulerAngles":{"x":4.82967243E-06,"y":90.0,"z":-1.448902E-05,"normalized":{"x":5.3663026E-08,"y":1.0,"z":-1.60989117E-07,"magnitude":1.0,"sqrMagnitude":1.0},"magnitude":90.0,"sqrMagnitude":8100.0}}},"quests":[{"seed":9241635,"character":{"firstName":null,"lastName":null,"characterID":-9822015,"fraction":0},"stationName":"Riverside Orbital #0","solarName":"Riverside 0500860","state":3}],"items":[{"idName":"shield_generator_v1","value":1.0},{"idName":"armor","value":1.0}]}