{"WorldPos":{"x":4.75000858,"y":6.837036,"z":0.0065333657,"normalized":{"x":0.570563138,"y":0.8212534,"z":0.000784777,"magnitude":1.0,"sqrMagnitude":1.00000012},"magnitude":8.325124,"sqrMagnitude":69.3076859},"Pos":{"x":4.75000858,"y":6.837036,"z":0.0065333657,"normalized":{"x":0.570563138,"y":0.8212534,"z":0.000784777,"magnitude":1.0,"sqrMagnitude":1.00000012},"magnitude":8.325124,"sqrMagnitude":69.3076859},"Rot":{"x":4.829645E-06,"y":89.99977,"z":-1.44889991E-05,"normalized":{"x":5.366286E-08,"y":1.0,"z":-1.60989288E-07,"magnitude":1.0,"sqrMagnitude":1.0},"magnitude":89.99977,"sqrMagnitude":8099.959},"Fuel":856.039856,"Health":100.0,"Shields":100.0,"Speed":1.22293466E-06,"Keys":{},"IsLanded":{"pos":{"x":4.75,"y":6.83702755,"z":0.006533377,"normalized":{"x":0.5705629,"y":0.8212535,"z":0.000784779433,"normalized":{"x":0.570562959,"y":0.821253538,"z":0.0007847795,"magnitude":1.0,"sqrMagnitude":1.00000012},"magnitude":0.99999994,"sqrMagnitude":0.99999994},"magnitude":8.325112,"sqrMagnitude":69.30749},"rot":{"x":5.96046448E-08,"y":-0.707106769,"z":1.1920929E-07,"w":-0.7071068,"eulerAngles":{"x":4.82967243E-06,"y":90.0,"z":-1.448902E-05,"normalized":{"x":5.3663026E-08,"y":1.0,"z":-1.60989117E-07,"magnitude":1.0,"sqrMagnitude":1.0},"magnitude":90.0,"sqrMagnitude":8100.0}}}}