{"WorldPos":{"x":19.1299553,"y":6.83703947,"z":0.00653406838,"normalized":{"x":0.941665232,"y":0.336550832,"z":0.0003216372,"magnitude":1.0,"sqrMagnitude":1.0},"magnitude":20.3150272,"sqrMagnitude":412.700348},"Pos":{"x":19.1299553,"y":6.83703947,"z":0.00653406838,"normalized":{"x":0.941665232,"y":0.336550832,"z":0.0003216372,"magnitude":1.0,"sqrMagnitude":1.0},"magnitude":20.3150272,"sqrMagnitude":412.700348},"Rot":{"x":4.86581075E-06,"y":89.99976,"z":-1.44924534E-05,"normalized":{"x":5.40647065E-08,"y":1.0,"z":-1.61027685E-07,"magnitude":1.0,"sqrMagnitude":1.0},"magnitude":89.99976,"sqrMagnitude":8099.95752},"Fuel":929.2529,"Health":99.99976,"Shields":100.0,"Speed":0.000378337281,"Keys":{},"IsLanded":{"pos":{"x":19.1300011,"y":6.83702755,"z":0.00653408,"normalized":{"x":0.941665649,"y":0.33654958,"z":0.000321637141,"normalized":{"x":0.9416657,"y":0.3365496,"z":0.00032163717,"magnitude":1.0,"sqrMagnitude":1.0},"magnitude":0.99999994,"sqrMagnitude":0.99999994},"magnitude":20.3150673,"sqrMagnitude":412.701935},"rot":{"x":5.96046448E-08,"y":-0.707106769,"z":1.1920929E-07,"w":-0.7071068,"eulerAngles":{"x":4.82967243E-06,"y":90.0,"z":-1.448902E-05,"normalized":{"x":5.3663026E-08,"y":1.0,"z":-1.60989117E-07,"magnitude":1.0,"sqrMagnitude":1.0},"magnitude":90.0,"sqrMagnitude":8100.0}}},"quests":[{"quester":{"firstName":"Re: Angelica","lastName":"Suriano","characterID":0,"fraction":4},"questType":2,"questID":1760350,"pathToTarget":{"solarName":"Information 0497062","targetName":"Information Orbital #0","prevPath":null,"nextPath":null,"isFirst":true,"isLast":true},"brokedQuest":false,"isComplited":false,"isRewarded":false}]}