{"WorldPos":{"x":0.0,"y":0.0,"z":0.0,"magnitude":0.0,"sqrMagnitude":0.0},"Pos":{"x":2.26991677,"y":158.470978,"z":165.926468,"normalized":{"x":0.009892626,"y":0.6906395,"z":0.7231316,"magnitude":1.0,"sqrMagnitude":1.00000012},"magnitude":229.455429,"sqrMagnitude":52649.7969},"Rot":{"x":19.1528454,"y":38.97018,"z":280.299042,"normalized":{"x":0.0675246,"y":0.1373919,"z":0.988212466,"magnitude":1.0,"sqrMagnitude":1.0},"magnitude":283.6425,"sqrMagnitude":80453.06},"Fuel":906.5899,"Health":91.46355,"Shields":100.0,"Speed":1.931374,"Keys":{},"IsLanded":null}