{"WorldPos":{"x":28.8820877,"y":16.8248787,"z":0.009851806,"normalized":{"x":0.8640782,"y":0.503357351,"z":0.000294740836,"normalized":{"x":0.8640783,"y":0.5033574,"z":0.000294740865,"magnitude":1.0,"sqrMagnitude":1.0},"magnitude":0.99999994,"sqrMagnitude":0.9999999},"magnitude":33.4253159,"sqrMagnitude":1117.25159},"Pos":{"x":28.8820877,"y":16.8248787,"z":0.009851806,"normalized":{"x":0.8640782,"y":0.503357351,"z":0.000294740836,"normalized":{"x":0.8640783,"y":0.5033574,"z":0.000294740865,"magnitude":1.0,"sqrMagnitude":1.0},"magnitude":0.99999994,"sqrMagnitude":0.9999999},"magnitude":33.4253159,"sqrMagnitude":1117.25159},"Rot":{"x":359.071777,"y":267.213348,"z":342.725739,"normalized":{"x":0.636952043,"y":0.474005759,"z":0.607956052,"normalized":{"x":0.6369521,"y":0.4740058,"z":0.6079561,"magnitude":1.0,"sqrMagnitude":1.00000012},"magnitude":0.99999994,"sqrMagnitude":0.99999994},"magnitude":563.7344,"sqrMagnitude":317796.438},"Fuel":929.1219,"Health":99.99976,"Shields":100.0,"Speed":0.0,"Keys":{},"IsLanded":null,"quests":[{"quester":{"firstName":"Re: Angelica","lastName":"Suriano","characterID":0,"fraction":4},"questType":2,"questID":1760350,"pathToTarget":{"solarName":"Information 0497062","targetName":"Information Orbital #0","prevPath":null,"nextPath":null,"isFirst":true,"isLast":true},"brokedQuest":false,"isComplited":false,"isRewarded":false}]}