{"WorldPos":{"x":3751.42847,"y":-9.384342,"z":-6443.093,"normalized":{"x":0.5031657,"y":-0.0012586884,"z":-0.8641891,"magnitude":1.0,"sqrMagnitude":1.00000012},"magnitude":7455.652,"sqrMagnitude":55586748.0},"Pos":{"x":-367.4067,"y":-35.71308,"z":542.6722,"normalized":{"x":-0.559797943,"y":-0.0544141121,"z":0.8268406,"magnitude":1.0,"sqrMagnitude":1.0},"magnitude":656.3202,"sqrMagnitude":430756.219},"Rot":{"x":9.920382,"y":29.2259731,"z":286.352661,"normalized":{"x":0.0344444364,"y":0.101475149,"z":0.9942416,"magnitude":1.0,"sqrMagnitude":1.0},"magnitude":288.011139,"sqrMagnitude":82950.42},"Fuel":486.275024,"Health":55.6880341,"Shields":100.0,"Speed":1.27755845,"Keys":{},"IsLanded":null,"quests":[]}