{"WorldPos":{"x":4.749995,"y":6.83703232,"z":0.006533372,"normalized":{"x":0.570562243,"y":0.821253955,"z":0.0007847788,"magnitude":1.0,"sqrMagnitude":0.99999994},"magnitude":8.325113,"sqrMagnitude":69.30751},"Pos":{"x":4.749995,"y":6.83703232,"z":0.006533372,"normalized":{"x":0.570562243,"y":0.821253955,"z":0.0007847788,"magnitude":1.0,"sqrMagnitude":0.99999994},"magnitude":8.325113,"sqrMagnitude":69.30751},"Rot":{"x":4.82967653E-06,"y":89.99991,"z":-1.44890364E-05,"normalized":{"x":5.36631255E-08,"y":1.0,"z":-1.60989458E-07,"magnitude":1.0,"sqrMagnitude":1.0},"magnitude":89.99991,"sqrMagnitude":8099.9834},"Fuel":929.435242,"Health":99.99976,"Shields":100.0,"Speed":0.0,"Keys":{},"IsLanded":{"pos":{"x":4.75,"y":6.83702755,"z":0.006533377,"normalized":{"x":0.5705629,"y":0.8212535,"z":0.000784779433,"normalized":{"x":0.570562959,"y":0.821253538,"z":0.0007847795,"magnitude":1.0,"sqrMagnitude":1.00000012},"magnitude":0.99999994,"sqrMagnitude":0.99999994},"magnitude":8.325112,"sqrMagnitude":69.30749},"rot":{"x":-5.960466E-08,"y":0.707106769,"z":-1.1920929E-07,"w":0.707106769,"eulerAngles":{"x":4.82967243E-06,"y":90.0,"z":-1.448902E-05,"normalized":{"x":5.3663026E-08,"y":1.0,"z":-1.60989117E-07,"magnitude":1.0,"sqrMagnitude":1.0},"magnitude":90.0,"sqrMagnitude":8100.0},"normalized":{"x":-5.96046661E-08,"y":0.7071068,"z":-1.192093E-07,"w":0.7071068,"eulerAngles":{"x":4.82967243E-06,"y":90.0,"z":-1.448902E-05,"normalized":{"x":5.3663026E-08,"y":1.0,"z":-1.60989117E-07,"magnitude":1.0,"sqrMagnitude":1.0},"magnitude":90.0,"sqrMagnitude":8100.0}}}},"quests":[{"quester":{"firstName":"Re: Angelica","lastName":"Suriano","characterID":0,"fraction":4},"questType":2,"questID":1760350,"pathToTarget":{"solarName":"Information 0497062","targetName":"Information Orbital #0","prevPath":null,"nextPath":null,"isFirst":true,"isLast":true},"brokedQuest":false,"isComplited":false,"isRewarded":false}]}