{"WorldPos":{"x":24.1299763,"y":6.83703566,"z":0.006535979,"normalized":{"x":0.9621245,"y":0.272610277,"z":0.000260606379,"magnitude":1.0,"sqrMagnitude":1.0},"magnitude":25.07989,"sqrMagnitude":629.000854},"Pos":{"x":24.1299763,"y":6.83703566,"z":0.006535979,"normalized":{"x":0.9621245,"y":0.272610277,"z":0.000260606379,"magnitude":1.0,"sqrMagnitude":1.0},"magnitude":25.07989,"sqrMagnitude":629.000854},"Rot":{"x":4.82971245E-06,"y":90.00014,"z":-1.44890273E-05,"normalized":{"x":5.366339E-08,"y":1.0,"z":-1.60988947E-07,"magnitude":1.0,"sqrMagnitude":1.0},"magnitude":90.00014,"sqrMagnitude":8100.025},"Fuel":925.269836,"Health":98.8157959,"Shields":100.0,"Speed":4.367697E-06,"Keys":{},"IsLanded":{"pos":{"x":24.1300049,"y":6.8370285,"z":0.006535986,"normalized":{"x":0.9621247,"y":0.27260974,"z":0.0002606064,"magnitude":1.0,"sqrMagnitude":1.00000012},"magnitude":25.0799141,"sqrMagnitude":629.002136},"rot":{"x":5.96046448E-08,"y":-0.707106769,"z":1.1920929E-07,"w":-0.7071068,"eulerAngles":{"x":4.82967243E-06,"y":90.0,"z":-1.448902E-05,"normalized":{"x":5.3663026E-08,"y":1.0,"z":-1.60989117E-07,"magnitude":1.0,"sqrMagnitude":1.0},"magnitude":90.0,"sqrMagnitude":8100.0}}},"quests":[{"seed":5182831,"character":{"firstName":"Lamel","lastName":"Rollo","characterID":5182831,"fraction":3},"stationName":"Information Orbital #0","solarName":"Information 0497062"}]}