{"WorldPos":{"x":-0.3691249,"y":1.35864973,"z":0.09744543,"normalized":{"x":-0.261555433,"y":0.962715447,"z":0.06904813,"normalized":{"x":-0.261555463,"y":0.9627155,"z":0.06904814,"magnitude":1.0,"sqrMagnitude":1.0},"magnitude":0.99999994,"sqrMagnitude":0.99999994},"magnitude":1.41126823,"sqrMagnitude":1.99167788},"Pos":{"x":-0.3691249,"y":1.35864973,"z":0.09744543,"normalized":{"x":-0.261555433,"y":0.962715447,"z":0.06904813,"normalized":{"x":-0.261555463,"y":0.9627155,"z":0.06904814,"magnitude":1.0,"sqrMagnitude":1.0},"magnitude":0.99999994,"sqrMagnitude":0.99999994},"magnitude":1.41126823,"sqrMagnitude":1.99167788},"Rot":{"x":55.0700226,"y":155.563614,"z":317.864,"normalized":{"x":0.15376313,"y":0.43435517,"z":0.8875204,"normalized":{"x":0.153763145,"y":0.4343552,"z":0.887520432,"magnitude":1.0,"sqrMagnitude":1.00000012},"magnitude":0.99999994,"sqrMagnitude":0.99999994},"magnitude":358.1484,"sqrMagnitude":128270.273},"Fuel":858.1999,"Health":99.99871,"Shields":100.0,"Speed":-0.7747097,"Keys":{},"IsLanded":null,"quests":[],"items":[{"idName":"credit","value":968.287964}]}