{"WorldPos":{"x":-1.13248825E-06,"y":-806.9305,"z":-1008.663,"normalized":{"x":-8.767296E-10,"y":-0.624695063,"z":-0.780868769,"magnitude":1.0,"sqrMagnitude":0.99999994},"magnitude":1291.719,"sqrMagnitude":1668537.88},"Pos":{"x":0.000106990337,"y":2.08280981E-05,"z":0.000115692616,"normalized":{"x":0.673101246,"y":0.131034434,"z":0.7278493,"normalized":{"x":0.6731013,"y":0.131034449,"z":0.727849364,"magnitude":1.0,"sqrMagnitude":1.00000012},"magnitude":0.99999994,"sqrMagnitude":0.99999994},"magnitude":0.000158951327,"sqrMagnitude":2.5265523E-08},"Rot":{"x":0.5170288,"y":55.75226,"z":164.9904,"normalized":{"x":0.00296876323,"y":0.320127726,"z":0.947369754,"magnitude":1.0,"sqrMagnitude":1.0},"magnitude":174.1563,"sqrMagnitude":30330.4141},"Fuel":996.402954,"Health":86.93552,"Shields":100.0,"Speed":0.0,"Keys":{},"IsLanded":null,"quests":[],"items":[]}