{"systemName":"Mic 0633882.[-2484,10,1518,03,-51133,34]","playerPos":{"x":-75.07388,"y":-52.35612,"z":36.1766129,"normalized":{"x":-0.7628105,"y":-0.5319799,"z":0.367583245,"magnitude":1.0,"sqrMagnitude":1.0},"magnitude":98.41747,"sqrMagnitude":9685.999},"worldPos":{"x":-7538.913,"y":-67.24664,"z":764.7831,"normalized":{"x":-0.9948547,"y":-0.008874043,"z":0.100922778,"magnitude":1.0,"sqrMagnitude":1.0},"magnitude":7577.904,"sqrMagnitude":57424624.0}}