{"systemName":"Obvious 0782097.[32003,27,-2084,15,-46547,67]","playerPos":{"x":34.8802948,"y":-27.19857,"z":-27.9895477,"normalized":{"x":0.66637665,"y":-0.5196198,"z":-0.5347312,"magnitude":1.0,"sqrMagnitude":1.00000012},"magnitude":52.3432121,"sqrMagnitude":2739.812},"worldPos":{"x":-8349.028,"y":15736.33,"z":9518.893,"normalized":{"x":-0.413365,"y":0.779114366,"z":0.4712856,"magnitude":1.0,"sqrMagnitude":0.99999994},"magnitude":20197.7148,"sqrMagnitude":407947680.0}}