{"systemName":"Obvious 0782097.[32003,27,-2084,15,-46547,67]","playerPos":{"x":363.2705,"y":-835.2345,"z":-29.0852833,"normalized":{"x":0.3986384,"y":-0.916552663,"z":-0.031917017,"magnitude":1.0,"sqrMagnitude":1.0},"magnitude":911.278259,"sqrMagnitude":830428.063},"worldPos":{"x":-681.033,"y":-834.933838,"z":1410.12524,"normalized":{"x":-0.3837568,"y":-0.4704787,"z":0.7945946,"magnitude":1.0,"sqrMagnitude":1.0},"magnitude":1774.64746,"sqrMagnitude":3149373.75}}