{"systemName":"Usr 0775866.[-26243,81,3579,55,-19218,62]","playerPos":{"x":12.0090685,"y":3.14296079,"z":29.89909,"normalized":{"x":0.370952249,"y":0.097084,"z":0.9235633,"magnitude":1.0,"sqrMagnitude":1.0},"magnitude":32.3736229,"sqrMagnitude":1048.05151},"worldPos":{"x":-9813.112,"y":-11.7544022,"z":-15052.2188,"normalized":{"x":-0.546129,"y":-0.000654167554,"z":-0.8377009,"magnitude":1.0,"sqrMagnitude":1.00000012},"magnitude":17968.4883,"sqrMagnitude":3.228666E+08}}