{"systemName":"Properties 0437444.[35169,39,-4298,11,-49087,23]","playerPos":{"x":712.4151,"y":-61.8946724,"z":72.71078,"normalized":{"x":0.991136849,"y":-0.08611003,"z":0.101157777,"magnitude":1.0,"sqrMagnitude":1.00000012},"magnitude":718.7858,"sqrMagnitude":516653.1},"worldPos":{"x":-1879.687,"y":-47.5534,"z":-569.415161,"normalized":{"x":-0.9567704,"y":-0.0242049247,"z":-0.289835274,"magnitude":1.0,"sqrMagnitude":1.0},"magnitude":1964.61658,"sqrMagnitude":3859718.25}}