{"systemName":"Stated 0800603.[10328,84,2938,48,-68176,04]","playerPos":{"x":-0.24512814,"y":0.244712874,"z":-0.105004117,"normalized":{"x":-0.677268267,"y":0.676120937,"z":-0.290117472,"magnitude":1.0,"sqrMagnitude":1.0},"magnitude":0.361936539,"sqrMagnitude":0.13099806},"worldPos":{"x":341.852356,"y":-10.2052727,"z":-2508.11646,"normalized":{"x":0.135048673,"y":-0.00403159,"z":-0.9908307,"normalized":{"x":0.135048687,"y":-0.00403159065,"z":-0.9908308,"magnitude":1.0,"sqrMagnitude":1.0},"magnitude":0.99999994,"sqrMagnitude":0.99999994},"magnitude":2531.327,"sqrMagnitude":6407615.5}}