{"systemName":"Memo 0497101.[6896,85,2678,25,-84842,93]","playerPos":{"x":362.654968,"y":172.665833,"z":585.8061,"normalized":{"x":0.510578632,"y":0.243094668,"z":0.8247511,"normalized":{"x":0.5105787,"y":0.243094683,"z":0.824751139,"magnitude":1.0,"sqrMagnitude":1.00000012},"magnitude":0.99999994,"sqrMagnitude":0.9999999},"magnitude":710.2823,"sqrMagnitude":504500.9},"worldPos":{"x":-1128.44849,"y":203.534485,"z":-1298.46509,"normalized":{"x":-0.6514195,"y":0.11749436,"z":-0.749565,"magnitude":1.0,"sqrMagnitude":1.0},"magnitude":1732.2915,"sqrMagnitude":3000833.75}}