{"systemName":"Reliable 0998483.[-8352,93,-2068,41,-86880,50]","playerPos":{"x":525.5991,"y":525.5991,"z":525.5991,"normalized":{"x":0.577350259,"y":0.577350259,"z":0.577350259,"magnitude":1.0,"sqrMagnitude":0.99999994},"magnitude":910.3644,"sqrMagnitude":828763.3},"worldPos":{"x":0.0,"y":0.0,"z":0.0,"magnitude":0.0,"sqrMagnitude":0.0}}