{"systemName":"Seasons 0921849.[57793,32,-465,11,24569,50]","playerPos":{"x":-272.581055,"y":-89.78511,"z":-553.4742,"normalized":{"x":-0.437210858,"y":-0.1440123,"z":-0.887753963,"magnitude":1.0,"sqrMagnitude":1.0},"magnitude":623.454468,"sqrMagnitude":388695.469},"worldPos":{"x":-409.9473,"y":-89.89763,"z":-4127.446,"normalized":{"x":-0.09881276,"y":-0.0216687173,"z":-0.994870067,"magnitude":1.0,"sqrMagnitude":0.99999994},"magnitude":4148.72852,"sqrMagnitude":17211948.0}}