{"systemName":"Simple 0271508.[-39154,77,-3641,80,-84631,35]","playerPos":{"x":495.590668,"y":-137.1726,"z":-615.300964,"normalized":{"x":0.618031,"y":-0.17106241,"z":-0.767316937,"magnitude":1.0,"sqrMagnitude":1.0},"magnitude":801.886353,"sqrMagnitude":643021.7},"worldPos":{"x":-2424.67822,"y":-142.598846,"z":2004.00549,"normalized":{"x":-0.7700132,"y":-0.0452855974,"z":0.63641876,"magnitude":1.0,"sqrMagnitude":1.0},"magnitude":3148.87866,"sqrMagnitude":9915437.0}}