{"systemName":"Presence 0314687.[-20556,04,1333,25,-69938,97]","playerPos":{"x":-112.870728,"y":-3.88337851,"z":-822.046265,"normalized":{"x":-0.136026844,"y":-0.00468007755,"z":-0.9906941,"magnitude":1.0,"sqrMagnitude":1.0},"magnitude":829.768,"sqrMagnitude":688514.938},"worldPos":{"x":1875.33618,"y":0.3556347,"z":2309.12354,"normalized":{"x":0.6304252,"y":0.000119552475,"z":0.77625,"magnitude":1.0,"sqrMagnitude":1.0},"magnitude":2974.71631,"sqrMagnitude":8848937.0}}