{"systemName":"Licking 0077309.[-2801,19,-4432,23,-72422,48]","playerPos":{"x":103.201904,"y":103.36747,"z":369.6698,"normalized":{"x":0.25963977,"y":0.260056317,"z":0.9300311,"magnitude":1.0,"sqrMagnitude":1.0},"magnitude":397.4811,"sqrMagnitude":157991.234},"worldPos":{"x":0.0,"y":0.0,"z":0.0,"magnitude":0.0,"sqrMagnitude":0.0}}