{"systemName":"Hentai 0406180.[-17378,47,-4559,46,-33432,86]","playerPos":{"x":18.8206234,"y":-46.22058,"z":48.78619,"normalized":{"x":0.2696749,"y":-0.66228044,"z":0.699042261,"magnitude":1.0,"sqrMagnitude":1.0},"magnitude":69.79005,"sqrMagnitude":4870.65039},"worldPos":{"x":7552.316,"y":-5.92157,"z":-5958.11572,"normalized":{"x":0.7850969,"y":-0.000615573546,"z":-0.619372666,"magnitude":1.0,"sqrMagnitude":1.0},"magnitude":9619.598,"sqrMagnitude":9.253666E+07}}