{"systemName":"Collected 0434548.[11227,86,-2818,61,-76228,73]","playerPos":{"x":63.56421,"y":-24.57835,"z":-132.624619,"normalized":{"x":0.426290721,"y":-0.16483368,"z":-0.8894415,"magnitude":1.0,"sqrMagnitude":1.00000012},"magnitude":149.11,"sqrMagnitude":22233.793},"worldPos":{"x":-3899.12646,"y":-2718.855,"z":-1263.67261,"normalized":{"x":-0.7927375,"y":-0.5527746,"z":-0.256919235,"magnitude":1.0,"sqrMagnitude":1.0},"magnitude":4918.55957,"sqrMagnitude":24192228.0}}