{"systemName":"Medline 0760317.[-87139,17,979,44,13035,44]","playerPos":{"x":172.325928,"y":6.72325945,"z":29.1166782,"normalized":{"x":0.985295534,"y":0.0384410955,"z":0.166478336,"magnitude":1.0,"sqrMagnitude":1.0},"magnitude":174.8977,"sqrMagnitude":30589.209},"worldPos":{"x":-3105.311,"y":12.3649836,"z":-529.3961,"normalized":{"x":-0.985769868,"y":0.00392521964,"z":-0.1680549,"magnitude":1.0,"sqrMagnitude":1.00000012},"magnitude":3150.138,"sqrMagnitude":9923370.0}}