{"systemName":"Reliable 0998483.[-8352,93,-2068,41,-86880,50]","playerPos":{"x":-2.66405,"y":-673.2867,"z":62.308197,"normalized":{"x":-0.00393991824,"y":-0.995737433,"z":0.09214887,"magnitude":1.0,"sqrMagnitude":1.0},"magnitude":676.1689,"sqrMagnitude":457204.375},"worldPos":{"x":0.0,"y":0.0,"z":0.0,"magnitude":0.0,"sqrMagnitude":0.0}}