{"systemName":"Organized 0321631.[18098,50,2170,53,-60108,30]","playerPos":{"x":-80.31667,"y":-400.075,"z":-745.78595,"normalized":{"x":-0.09447664,"y":-0.47060892,"z":-0.8772693,"magnitude":1.0,"sqrMagnitude":1.00000012},"magnitude":850.122,"sqrMagnitude":722707.438},"worldPos":{"x":-2443.5542,"y":-390.853149,"z":1442.19946,"normalized":{"x":-0.853135645,"y":-0.136461377,"z":0.5035255,"magnitude":1.0,"sqrMagnitude":1.00000012},"magnitude":2864.20361,"sqrMagnitude":8203662.5}}