{"systemName":"Iraq 0729303.[47314,11,3996,82,-60441,42]","playerPos":{"x":-0.0354022756,"y":-5.75071573,"z":72.21414,"normalized":{"x":-0.000488693069,"y":-0.07938289,"z":0.9968441,"magnitude":1.0,"sqrMagnitude":1.00000012},"magnitude":72.4427643,"sqrMagnitude":5247.954},"worldPos":{"x":500.683258,"y":-6.63384056,"z":-2704.84961,"normalized":{"x":0.182013229,"y":-0.002411598,"z":-0.9832932,"magnitude":1.0,"sqrMagnitude":1.00000012},"magnitude":2750.807,"sqrMagnitude":7566939.0}}