{"systemName":"Ronald 0025751.[9038,25,189,20,-76363,69]","playerPos":{"x":583.2431,"y":6.391273,"z":728.796753,"normalized":{"x":0.624814749,"y":0.006846822,"z":0.780743,"magnitude":1.0,"sqrMagnitude":1.0},"magnitude":933.465637,"sqrMagnitude":871358.063},"worldPos":{"x":0.0,"y":0.0,"z":0.0,"magnitude":0.0,"sqrMagnitude":0.0}}