{"systemName":"Function 0196953.[18880,39,-854,23,-70162,11]","playerPos":{"x":0.0,"y":129.721878,"z":324.304718,"normalized":{"x":0.0,"y":0.371390671,"z":0.9284767,"magnitude":1.0,"sqrMagnitude":1.0},"magnitude":349.286865,"sqrMagnitude":122001.313},"worldPos":{"x":0.0,"y":0.0,"z":0.0,"magnitude":0.0,"sqrMagnitude":0.0}}