{"systemName":"Municipal 0360665.[-62796,13,330,47,-48340,54]","playerPos":{"x":2.36284685,"y":0.05763789,"z":0.977247655,"normalized":{"x":0.923848748,"y":0.02253582,"z":0.382093757,"magnitude":1.0,"sqrMagnitude":1.0},"magnitude":2.55761218,"sqrMagnitude":6.54138041},"worldPos":{"x":2810.68555,"y":-1.41941118,"z":549.090149,"normalized":{"x":0.981446862,"y":-0.0004956359,"z":0.191733584,"magnitude":1.0,"sqrMagnitude":0.99999994},"magnitude":2863.81836,"sqrMagnitude":8201455.0}}