{"systemName":"Po 0496185.[9979,87,547,12,-82430,70]","playerPos":{"x":-183.366241,"y":47.808094,"z":-32.4412537,"normalized":{"x":-0.9537755,"y":0.248672768,"z":-0.168742478,"normalized":{"x":-0.9537756,"y":0.248672783,"z":-0.1687425,"magnitude":1.0,"sqrMagnitude":1.0},"magnitude":0.99999994,"sqrMagnitude":0.99999994},"magnitude":192.253036,"sqrMagnitude":36961.2266},"worldPos":{"x":1075.17334,"y":-49.38675,"z":-859.1138,"normalized":{"x":0.7807294,"y":-0.0358618349,"z":-0.6238393,"magnitude":1.0,"sqrMagnitude":1.0},"magnitude":1377.13953,"sqrMagnitude":1896513.25}}