{"systemName":"Favors 0352836.[5162,12,-278,98,-71353,62]","playerPos":{"x":-376.990082,"y":155.168182,"z":696.192139,"normalized":{"x":-0.46728164,"y":0.19233197,"z":0.862934649,"normalized":{"x":-0.467281669,"y":0.192331985,"z":0.8629347,"magnitude":1.0,"sqrMagnitude":1.00000012},"magnitude":0.99999994,"sqrMagnitude":0.99999994},"magnitude":806.7727,"sqrMagnitude":650882.2},"worldPos":{"x":-6100.554,"y":146.913635,"z":1930.30762,"normalized":{"x":-0.953160048,"y":0.0229540132,"z":0.301594257,"magnitude":1.0,"sqrMagnitude":1.0},"magnitude":6400.346,"sqrMagnitude":4.096443E+07}}