{"systemName":"Permitted 0225748.[31979,82,2395,87,-40102,80]","playerPos":{"x":-182.30513,"y":14.4746065,"z":-122.835564,"normalized":{"x":-0.8275214,"y":0.06570329,"z":-0.5575765,"magnitude":1.0,"sqrMagnitude":1.00000012},"magnitude":220.302628,"sqrMagnitude":48533.25},"worldPos":{"x":2405.48682,"y":14.5403023,"z":3428.148,"normalized":{"x":0.574385345,"y":0.00347195263,"z":0.8185777,"magnitude":1.0,"sqrMagnitude":1.0},"magnitude":4187.932,"sqrMagnitude":17538776.0}}