{"systemName":"Riverside 0500860.[-85638,24,4862,32,12413,36]","playerPos":{"x":-581.924866,"y":16.5527134,"z":14.6872635,"normalized":{"x":-0.9992778,"y":0.0284242164,"z":0.0252208784,"magnitude":1.0,"sqrMagnitude":1.00000012},"magnitude":582.345459,"sqrMagnitude":339126.25},"worldPos":{"x":2566.77319,"y":22.7527924,"z":-403.971,"normalized":{"x":0.987802565,"y":0.008756234,"z":-0.155465081,"magnitude":1.0,"sqrMagnitude":1.0},"magnitude":2598.46777,"sqrMagnitude":6752035.0}}