{"systemName":"Medline 0760317.[-87139,17,979,44,13035,44]","playerPos":{"x":-551.454956,"y":-9.92595,"z":-633.887,"normalized":{"x":-0.656301558,"y":-0.0118131442,"z":-0.7544062,"magnitude":1.0,"sqrMagnitude":1.0},"magnitude":840.2463,"sqrMagnitude":706013.9},"worldPos":{"x":0.0,"y":0.0,"z":0.0,"magnitude":0.0,"sqrMagnitude":0.0}}