{"systemName":"Filling 0776934.[38322,55,2148,44,-34690,99]","playerPos":{"x":-47.65934,"y":4.506546,"z":43.3169365,"normalized":{"x":-0.7382102,"y":0.06980328,"z":0.6709494,"normalized":{"x":-0.738210261,"y":0.06980329,"z":0.670949459,"magnitude":1.0,"sqrMagnitude":1.00000012},"magnitude":0.99999994,"sqrMagnitude":0.9999999},"magnitude":64.56066,"sqrMagnitude":4168.07861},"worldPos":{"x":5226.40039,"y":-0.188911438,"z":-8298.247,"normalized":{"x":0.5329285,"y":-1.92630268E-05,"z":-0.8461603,"magnitude":1.0,"sqrMagnitude":1.0},"magnitude":9806.944,"sqrMagnitude":9.617617E+07}}