{"systemName":"Memo 0497101.[6896,85,2678,25,-84842,93]","playerPos":{"x":-135.790771,"y":-388.6306,"z":-80.92138,"normalized":{"x":-0.3236591,"y":-0.9263062,"z":-0.192877173,"magnitude":1.0,"sqrMagnitude":0.99999994},"magnitude":419.548767,"sqrMagnitude":176021.156},"worldPos":{"x":-1626.92163,"y":-353.2901,"z":-1965.97314,"normalized":{"x":-0.6315232,"y":-0.137136832,"z":-0.763133,"magnitude":1.0,"sqrMagnitude":1.0},"magnitude":2576.18677,"sqrMagnitude":6636738.5}}