{"systemName":"Producing 0877521.[30253,76,888,59,-35601,19]","playerPos":{"x":-361.046448,"y":-582.4084,"z":-333.137878,"normalized":{"x":-0.473858744,"y":-0.7643873,"z":-0.4372299,"magnitude":1.0,"sqrMagnitude":1.0},"magnitude":761.9284,"sqrMagnitude":580534.938},"worldPos":{"x":991.067444,"y":-573.585754,"z":-1198.41565,"normalized":{"x":0.5979172,"y":-0.346047878,"z":-0.7230117,"magnitude":1.0,"sqrMagnitude":1.0},"magnitude":1657.533,"sqrMagnitude":2747415.25}}