{"systemName":"Gotten 0366767.[-18043,86,4465,79,-76350,70]","playerPos":{"x":187.875549,"y":-14.0109386,"z":101.934517,"normalized":{"x":0.8770792,"y":-0.06540874,"z":0.475871623,"magnitude":1.0,"sqrMagnitude":1.0},"magnitude":214.205917,"sqrMagnitude":45884.1758},"worldPos":{"x":-3332.78857,"y":-17.9086914,"z":-2188.60864,"normalized":{"x":-0.835870743,"y":-0.00449153967,"z":-0.5489079,"normalized":{"x":-0.8358708,"y":-0.00449154,"z":-0.548907936,"magnitude":1.0,"sqrMagnitude":1.00000012},"magnitude":0.99999994,"sqrMagnitude":0.99999994},"magnitude":3987.20557,"sqrMagnitude":15897808.0}}