{"systemName":"Favors 0352836.[5162,12,-278,98,-71353,62]","playerPos":{"x":305.644379,"y":-14.4573679,"z":27.0504169,"normalized":{"x":0.9950026,"y":-0.04706489,"z":0.0880606249,"magnitude":1.0,"sqrMagnitude":1.0},"magnitude":307.179474,"sqrMagnitude":94359.23},"worldPos":{"x":-3942.396,"y":-14.1494713,"z":-476.842041,"normalized":{"x":-0.9927583,"y":-0.00356306275,"z":-0.12007644,"magnitude":1.0,"sqrMagnitude":1.0},"magnitude":3971.154,"sqrMagnitude":15770065.0}}