{"systemName":"Riverside 0500860.[-85638,24,4862,32,12413,36]","playerPos":{"x":-431.350769,"y":-114.212166,"z":158.88916,"normalized":{"x":-0.9106762,"y":-0.241126955,"z":0.3354499,"magnitude":1.0,"sqrMagnitude":0.99999994},"magnitude":473.659882,"sqrMagnitude":224353.672},"worldPos":{"x":3630.332,"y":-118.022705,"z":-2773.60156,"normalized":{"x":0.794360459,"y":-0.0258247927,"z":-0.6068975,"magnitude":1.0,"sqrMagnitude":1.0},"magnitude":4570.132,"sqrMagnitude":20886106.0}}