{"systemName":"Emeras 0663524.[66542,55,-1719,24,-25977,33]","playerPos":{"x":2.81631947E-06,"y":1.49011612E-08,"z":1.11758709E-06,"normalized":{"x":0.0,"y":0.0,"z":0.0,"magnitude":0.0,"sqrMagnitude":0.0},"magnitude":3.02999638E-06,"sqrMagnitude":9.180878E-12},"worldPos":{"x":-352.175964,"y":-352.175964,"z":-936.267944,"normalized":{"x":-0.332085818,"y":-0.332085818,"z":-0.882857859,"magnitude":1.0,"sqrMagnitude":1.0},"magnitude":1060.49683,"sqrMagnitude":1124653.5}}