{"systemName":"Lycos 0414097.[54179,80,-4861,51,-53346,17]","playerPos":{"x":-45.6346855,"y":-0.650145531,"z":421.353729,"normalized":{"x":-0.107675128,"y":-0.0015340196,"z":0.9941849,"normalized":{"x":-0.107675135,"y":-0.00153401971,"z":0.994185,"magnitude":1.0,"sqrMagnitude":1.0},"magnitude":0.99999994,"sqrMagnitude":0.99999994},"magnitude":423.818268,"sqrMagnitude":179621.9},"worldPos":{"x":191.029755,"y":-14.1192417,"z":-2997.12842,"normalized":{"x":0.06360782,"y":-0.00470133126,"z":-0.997963846,"normalized":{"x":0.06360783,"y":-0.00470133172,"z":-0.9979639,"magnitude":1.0,"sqrMagnitude":1.0},"magnitude":0.99999994,"sqrMagnitude":0.9999999},"magnitude":3003.24341,"sqrMagnitude":9019470.0}}