{"systemName":"Organisation 0700738.[-26053,54,-4941,51,-47684,47]","playerPos":{"x":-536.8607,"y":-49.20251,"z":162.956482,"normalized":{"x":-0.953231454,"y":-0.08736229,"z":0.28933993,"magnitude":1.0,"sqrMagnitude":0.99999994},"magnitude":563.2008,"sqrMagnitude":317195.125},"worldPos":{"x":8694.394,"y":106.082619,"z":-411.3995,"normalized":{"x":0.998808265,"y":0.0121867266,"z":-0.047261402,"magnitude":1.0,"sqrMagnitude":1.00000012},"magnitude":8704.768,"sqrMagnitude":75772984.0}}