{"systemName":"Liberal 0814375.[-40733,19,526,35,-66762,74]","playerPos":{"x":0.22641854,"y":0.156402916,"z":0.04396223,"normalized":{"x":0.8124817,"y":0.561237156,"z":0.157754332,"magnitude":1.0,"sqrMagnitude":1.00000012},"magnitude":0.278675258,"sqrMagnitude":0.077659905},"worldPos":{"x":-2989.57373,"y":-8.436468,"z":1525.71851,"normalized":{"x":-0.8907077,"y":-0.00251354463,"z":0.454569548,"magnitude":1.0,"sqrMagnitude":0.99999994},"magnitude":3356.40283,"sqrMagnitude":11265439.0}}