{"systemName":"Successfully 0512414.[45937,03,214,84,-63839,25]","playerPos":{"x":-72.88351,"y":2.745563,"z":-35.8935471,"normalized":{"x":-0.89659816,"y":0.03377536,"z":-0.441555142,"magnitude":1.0,"sqrMagnitude":1.0},"magnitude":81.28893,"sqrMagnitude":6607.89063},"worldPos":{"x":3735.63159,"y":278.237427,"z":-229.147461,"normalized":{"x":0.9953771,"y":0.07413771,"z":-0.06105745,"magnitude":1.0,"sqrMagnitude":1.0},"magnitude":3752.9812,"sqrMagnitude":14084868.0}}