{"systemName":"Rotary 0475048.[-2053,43,3688,24,-77355,72]","playerPos":{"x":-0.370143384,"y":-0.276146829,"z":-0.7930242,"normalized":{"x":-0.403343558,"y":-0.300915956,"z":-0.8641549,"magnitude":1.0,"sqrMagnitude":1.00000012},"magnitude":0.9176876,"sqrMagnitude":0.842150569},"worldPos":{"x":-806.9305,"y":-806.9305,"z":-2261.47021,"normalized":{"x":-0.3185564,"y":-0.3185564,"z":-0.892773032,"magnitude":1.0,"sqrMagnitude":1.0},"magnitude":2533.08521,"sqrMagnitude":6416521.0}}