{"systemName":"Coast 0705872.[12428,18,1843,05,-87059,93]","playerPos":{"x":0.0,"y":183.005341,"z":183.005341,"normalized":{"x":0.0,"y":0.7071068,"z":0.7071068,"normalized":{"x":0.0,"y":0.707106769,"z":0.707106769,"magnitude":1.0,"sqrMagnitude":0.99999994},"magnitude":1.00000012,"sqrMagnitude":1.00000012},"magnitude":258.808624,"sqrMagnitude":66981.91},"worldPos":{"x":0.0,"y":0.0,"z":0.0,"magnitude":0.0,"sqrMagnitude":0.0}}