{"systemName":"Enlargement 0819935.[-40869,32,-777,13,-86427,45]","playerPos":{"x":-835.0029,"y":-4.171566,"z":276.955963,"normalized":{"x":-0.9491416,"y":-0.004741788,"z":0.3148138,"magnitude":1.0,"sqrMagnitude":1.0},"magnitude":879.745361,"sqrMagnitude":773951.9},"worldPos":{"x":0.0,"y":0.0,"z":0.0,"magnitude":0.0,"sqrMagnitude":0.0}}