{"systemName":"Organized 0321631.[18098,50,2170,53,-60108,30]","playerPos":{"x":708.092468,"y":52.0644226,"z":646.9547,"normalized":{"x":0.7371741,"y":0.054202728,"z":0.6735254,"magnitude":1.0,"sqrMagnitude":1.0},"magnitude":960.549866,"sqrMagnitude":922656.063},"worldPos":{"x":-3963.44043,"y":53.9084,"z":451.5475,"normalized":{"x":-0.993481934,"y":0.0135127613,"z":0.11318557,"normalized":{"x":-0.993482,"y":0.0135127623,"z":0.113185577,"magnitude":1.0,"sqrMagnitude":1.0},"magnitude":0.99999994,"sqrMagnitude":0.99999994},"magnitude":3989.44385,"sqrMagnitude":15915661.0}}