{"systemName":"Orleans 0759749.[7063,63,714,18,-48101,83]","playerPos":{"x":-374.905426,"y":-669.7494,"z":-384.298645,"normalized":{"x":-0.436762959,"y":-0.7802547,"z":-0.447706,"magnitude":1.0,"sqrMagnitude":1.0},"magnitude":858.372742,"sqrMagnitude":736803.75},"worldPos":{"x":-2235.056,"y":-666.189331,"z":-2691.48022,"normalized":{"x":-0.6275834,"y":-0.187059909,"z":-0.755743146,"magnitude":1.0,"sqrMagnitude":1.0},"magnitude":3561.369,"sqrMagnitude":12683349.0}}