{"systemName":"Hoping 0731153.[40187,38,4354,86,-36171,80]","playerPos":{"x":441.411377,"y":2.53464079,"z":-341.969177,"normalized":{"x":0.790515,"y":0.00453923829,"z":-0.6124259,"magnitude":1.0,"sqrMagnitude":1.00000012},"magnitude":558.3846,"sqrMagnitude":311793.344},"worldPos":{"x":0.0,"y":0.0,"z":0.0,"magnitude":0.0,"sqrMagnitude":0.0}}