{"systemName":"Overhead 0709114.[8604,34,-4705,52,-77517,15]","playerPos":{"x":0.0,"y":274.464569,"z":457.440948,"normalized":{"x":0.0,"y":0.51449573,"z":0.857492864,"normalized":{"x":0.0,"y":0.5144958,"z":0.8574929,"magnitude":1.0,"sqrMagnitude":1.0},"magnitude":0.99999994,"sqrMagnitude":0.9999999},"magnitude":533.463257,"sqrMagnitude":284583.031},"worldPos":{"x":3869.17773,"y":-2440.79272,"z":8690.364,"normalized":{"x":0.3939731,"y":-0.24853,"z":0.8848831,"magnitude":1.0,"sqrMagnitude":1.00000012},"magnitude":9820.918,"sqrMagnitude":9.645044E+07}}