{"systemName":"Kerry 0555211.[-4238,21,3314,71,-53224,02]","playerPos":{"x":710.9097,"y":-8.446647,"z":-413.601563,"normalized":{"x":0.8643126,"y":-0.0102692973,"z":-0.5028501,"magnitude":1.0,"sqrMagnitude":0.99999994},"magnitude":822.5146,"sqrMagnitude":676530.25},"worldPos":{"x":-2678.36377,"y":-10.1776724,"z":1344.00952,"normalized":{"x":-0.8937767,"y":-0.0033963148,"z":0.448499352,"magnitude":1.0,"sqrMagnitude":1.0},"magnitude":2996.68115,"sqrMagnitude":8980098.0}}