{"systemName":"Star 0900579.[9074,21,1676,62,-70042,50]","playerPos":{"x":-372.506622,"y":-74.899704,"z":-317.805359,"normalized":{"x":-0.752007246,"y":-0.151205689,"z":-0.6415777,"magnitude":1.0,"sqrMagnitude":1.0},"magnitude":495.349762,"sqrMagnitude":245371.391},"worldPos":{"x":-4019.2356,"y":-4019.2356,"z":-6239.329,"normalized":{"x":-0.4761989,"y":-0.4761989,"z":-0.7392355,"magnitude":1.0,"sqrMagnitude":0.99999994},"magnitude":8440.245,"sqrMagnitude":71237736.0}}