{"systemName":"Usr 0775866.[-26243,81,3579,55,-19218,62]","playerPos":{"x":-378.4848,"y":-389.718384,"z":-145.669586,"normalized":{"x":-0.6729209,"y":-0.692893445,"z":-0.258990854,"magnitude":1.0,"sqrMagnitude":1.00000012},"magnitude":562.4507,"sqrMagnitude":316350.781},"worldPos":{"x":452.2457,"y":-450.682129,"z":-3040.31177,"normalized":{"x":0.14557448,"y":-0.145071179,"z":-0.978653431,"magnitude":1.0,"sqrMagnitude":1.00000012},"magnitude":3106.62769,"sqrMagnitude":9651136.0}}