{"systemName":"Star 0900579.[9074,21,1676,62,-70042,50]","playerPos":{"x":-69.58892,"y":-76.72693,"z":-562.4992,"normalized":{"x":-0.121668063,"y":-0.134148031,"z":-0.9834639,"magnitude":1.0,"sqrMagnitude":1.0},"magnitude":571.957153,"sqrMagnitude":327135.0},"worldPos":{"x":-472.8019,"y":-77.27693,"z":20322.9414,"normalized":{"x":-0.02325798,"y":-0.003801392,"z":0.999722242,"magnitude":1.0,"sqrMagnitude":0.99999994},"magnitude":20328.5879,"sqrMagnitude":413251456.0}}