{"systemName":"Successfully 0512414.[45937,03,214,84,-63839,25]","playerPos":{"x":339.727844,"y":-29.47019,"z":-867.819153,"normalized":{"x":0.364353478,"y":-0.0316063762,"z":-0.9307242,"magnitude":1.0,"sqrMagnitude":0.99999994},"magnitude":932.4128,"sqrMagnitude":869393.563},"worldPos":{"x":3156.9104,"y":254.4018,"z":1682.11157,"normalized":{"x":0.8803121,"y":0.0709405541,"z":0.469060868,"magnitude":1.0,"sqrMagnitude":1.0},"magnitude":3586.12646,"sqrMagnitude":12860303.0}}