{"systemName":"Browsers 0277265.[-11705,27,4993,52,-71539,88]","playerPos":{"x":15.765131,"y":-202.278152,"z":-231.227417,"normalized":{"x":0.0512484349,"y":-0.657554865,"z":-0.7516616,"magnitude":1.0,"sqrMagnitude":0.99999994},"magnitude":307.6217,"sqrMagnitude":94631.11},"worldPos":{"x":-2982.07568,"y":-200.761108,"z":245.733459,"normalized":{"x":-0.9943863,"y":-0.06694468,"z":0.0819409043,"magnitude":1.0,"sqrMagnitude":1.0},"magnitude":2998.91064,"sqrMagnitude":8993465.0}}