{"systemName":"Listening 0976236.[31060,62,1396,52,-77903,55]","playerPos":{"x":0.0,"y":265.279877,"z":331.599854,"normalized":{"x":0.0,"y":0.624695063,"z":0.7808688,"magnitude":1.0,"sqrMagnitude":1.0},"magnitude":424.655,"sqrMagnitude":180331.875},"worldPos":{"x":0.0,"y":0.0,"z":0.0,"magnitude":0.0,"sqrMagnitude":0.0}}