{"systemName":"Bride 0936977.[9837,29,3775,83,-78490,82]","playerPos":{"x":0.0,"y":131.771683,"z":219.619461,"normalized":{"x":0.0,"y":0.5144958,"z":0.8574929,"magnitude":1.0,"sqrMagnitude":1.0},"magnitude":256.1181,"sqrMagnitude":65596.4844},"worldPos":{"x":0.0,"y":0.0,"z":0.0,"magnitude":0.0,"sqrMagnitude":0.0}}