{"systemName":"Pages 0680348.[-24083,90,3460,21,-67510,16]","playerPos":{"x":-104.829475,"y":-403.020752,"z":-892.242554,"normalized":{"x":-0.106465004,"y":-0.4093086,"z":-0.906163156,"magnitude":1.0,"sqrMagnitude":1.0},"magnitude":984.6379,"sqrMagnitude":969511.75},"worldPos":{"x":-2379.47119,"y":-395.237518,"z":-1076.79919,"normalized":{"x":-0.900798559,"y":-0.149625421,"z":-0.407644838,"normalized":{"x":-0.90079844,"y":-0.1496254,"z":-0.407644778,"normalized":{"x":-0.9007985,"y":-0.149625421,"z":-0.4076448,"magnitude":1.0,"sqrMagnitude":1.0},"magnitude":0.99999994,"sqrMagnitude":0.9999999},"magnitude":1.00000012,"sqrMagnitude":1.00000012},"magnitude":2641.51318,"sqrMagnitude":6977592.5}}