{"systemName":"Procurement 0434362.[12172,71,887,03,-73567,46]","playerPos":{"x":-184.933914,"y":48.6939774,"z":-457.368042,"normalized":{"x":-0.373046935,"y":0.09822503,"z":-0.9225984,"magnitude":1.0,"sqrMagnitude":1.0},"magnitude":495.739,"sqrMagnitude":245757.188},"worldPos":{"x":-1563.301,"y":147.839417,"z":-2092.72388,"normalized":{"x":-0.5975134,"y":0.0565060936,"z":-0.7998655,"magnitude":1.0,"sqrMagnitude":0.99999994},"magnitude":2616.34473,"sqrMagnitude":6845260.0}}