{"systemName":"Usr 0775866.[-26243,81,3579,55,-19218,62]","playerPos":{"x":766.692749,"y":109.848434,"z":540.6837,"normalized":{"x":0.8116795,"y":0.116293937,"z":0.572409034,"magnitude":1.0,"sqrMagnitude":0.99999994},"magnitude":944.575745,"sqrMagnitude":892223.3},"worldPos":{"x":-1974.51611,"y":-221.187439,"z":-4719.554,"normalized":{"x":-0.385593027,"y":-0.04319455,"z":-0.9216573,"magnitude":1.0,"sqrMagnitude":1.0},"magnitude":5120.72559,"sqrMagnitude":2.622183E+07}}