{"systemName":"Reporting 0715575.[-2776,84,3358,11,-72086,37]","playerPos":{"x":-617.689,"y":56.21643,"z":394.4172,"normalized":{"x":-0.8403622,"y":0.07648211,"z":0.5366022,"magnitude":1.0,"sqrMagnitude":1.0},"magnitude":735.027161,"sqrMagnitude":540264.938},"worldPos":{"x":4452.783,"y":-128.323822,"z":-12257.9258,"normalized":{"x":0.341411978,"y":-0.00983908,"z":-0.939862251,"magnitude":1.0,"sqrMagnitude":1.0},"magnitude":13042.2578,"sqrMagnitude":1.701005E+08}}