{"systemName":"Filling 0776934.[38322,55,2148,44,-34690,99]","playerPos":{"x":226.689,"y":-6.24062,"z":-174.9697,"normalized":{"x":0.7914333,"y":-0.0217877124,"z":-0.6108671,"normalized":{"x":0.791433334,"y":-0.0217877142,"z":-0.610867143,"magnitude":1.0,"sqrMagnitude":1.00000012},"magnitude":0.99999994,"sqrMagnitude":0.99999994},"magnitude":286.428436,"sqrMagnitude":82041.24},"worldPos":{"x":-2122.33228,"y":14.5356865,"z":-241.822632,"normalized":{"x":-0.9935481,"y":0.00680473261,"z":-0.113206789,"normalized":{"x":-0.993548155,"y":0.006804733,"z":-0.1132068,"magnitude":1.0,"sqrMagnitude":1.0},"magnitude":0.99999994,"sqrMagnitude":0.9999999},"magnitude":2136.11426,"sqrMagnitude":4562984.0}}