{"systemName":"Memo 0497101.[6896,85,2678,25,-84842,93]","playerPos":{"x":83.2398,"y":-21.8394356,"z":213.3971,"normalized":{"x":0.361761272,"y":-0.09491447,"z":0.9274266,"magnitude":1.0,"sqrMagnitude":1.0},"magnitude":230.095947,"sqrMagnitude":52944.1445},"worldPos":{"x":-1409.492,"y":11.6021576,"z":-1672.06445,"normalized":{"x":-0.6445112,"y":0.00530526,"z":-0.764576435,"magnitude":1.0,"sqrMagnitude":1.0},"magnitude":2186.916,"sqrMagnitude":4782601.5}}