{"systemName":"Religion 0844964.[10439,48,-1445,09,-94367,62]","playerPos":{"x":-15.3215408,"y":-2.38748741,"z":8.659402,"normalized":{"x":-0.862675667,"y":-0.1344269,"z":0.487565517,"magnitude":1.0,"sqrMagnitude":1.0},"magnitude":17.7604885,"sqrMagnitude":315.434937},"worldPos":{"x":1737.91138,"y":-1207.75757,"z":-2198.553,"normalized":{"x":0.569496453,"y":-0.395770252,"z":-0.720444143,"magnitude":1.0,"sqrMagnitude":1.00000012},"magnitude":3051.66333,"sqrMagnitude":9312649.0}}