{"systemName":"Registered 0839056.[-28011,42,3479,61,-75155,58]","playerPos":{"x":122.893555,"y":5.50701571,"z":141.211929,"normalized":{"x":0.6562007,"y":0.0294051841,"z":0.75401324,"magnitude":1.0,"sqrMagnitude":1.0},"magnitude":187.280441,"sqrMagnitude":35073.96},"worldPos":{"x":-4115.11768,"y":-40.0800819,"z":-5119.781,"normalized":{"x":-0.6264727,"y":-0.006101667,"z":-0.7794195,"magnitude":1.0,"sqrMagnitude":1.0},"magnitude":6568.71045,"sqrMagnitude":43147956.0}}