{"systemName":"Memo 0497101.[6896,85,2678,25,-84842,93]","playerPos":{"x":-421.625854,"y":224.402878,"z":67.62785,"normalized":{"x":-0.87403816,"y":0.4651913,"z":0.14019379,"magnitude":1.0,"sqrMagnitude":0.99999994},"magnitude":482.388367,"sqrMagnitude":232698.547},"worldPos":{"x":-1128.44849,"y":203.534485,"z":-1298.46509,"normalized":{"x":-0.6514195,"y":0.11749436,"z":-0.749565,"magnitude":1.0,"sqrMagnitude":1.0},"magnitude":1732.2915,"sqrMagnitude":3000833.75}}