{"systemName":"Information 0497062.[-85590,49,3112,25,9313,47]","playerPos":{"x":-156.205429,"y":-0.6344937,"z":380.857483,"normalized":{"x":-0.379464835,"y":-0.00154135528,"z":0.9252049,"magnitude":1.0,"sqrMagnitude":1.0},"magnitude":411.646637,"sqrMagnitude":169452.969},"worldPos":{"x":3751.42847,"y":-9.384342,"z":-6443.093,"normalized":{"x":0.5031657,"y":-0.0012586884,"z":-0.8641891,"magnitude":1.0,"sqrMagnitude":1.00000012},"magnitude":7455.652,"sqrMagnitude":55586748.0}}