{"systemName":"Suffer 0756224.[910,90,2218,86,-60103,55]","playerPos":{"x":0.0,"y":160.777634,"z":160.777634,"normalized":{"x":0.0,"y":0.707106769,"z":0.707106769,"magnitude":1.0,"sqrMagnitude":0.99999994},"magnitude":227.373917,"sqrMagnitude":51698.8945},"worldPos":{"x":0.0,"y":0.0,"z":0.0,"magnitude":0.0,"sqrMagnitude":0.0}}