{"systemName":"Star 0900579.[9074,21,1676,62,-70042,50]","playerPos":{"x":1.85519457E-05,"y":-9.283423E-06,"z":9.715557E-06,"normalized":{"x":0.809867144,"y":-0.4052588,"z":0.4241232,"magnitude":1.0,"sqrMagnitude":1.0},"magnitude":2.29073939E-05,"sqrMagnitude":5.247487E-10},"worldPos":{"x":-7284.3584,"y":-7284.3584,"z":-11307.998,"normalized":{"x":-0.476198941,"y":-0.476198941,"z":-0.7392355,"magnitude":1.0,"sqrMagnitude":1.0},"magnitude":15296.8809,"sqrMagnitude":233994576.0}}