{"systemName":"Recipients 0102244.[400,11,2561,97,-73998,37]","playerPos":{"x":3.93465161E-05,"y":-5.11705875E-05,"z":3.93390656E-05,"normalized":{"x":0.520512164,"y":-0.6769319,"z":0.5204136,"magnitude":1.0,"sqrMagnitude":1.0},"magnitude":7.55919245E-05,"sqrMagnitude":5.71413938E-09},"worldPos":{"x":-2574.76538,"y":-2574.76538,"z":-10830.1221,"normalized":{"x":-0.225345343,"y":-0.225345343,"z":-0.9478602,"magnitude":1.0,"sqrMagnitude":1.0},"magnitude":11425.8643,"sqrMagnitude":130550376.0}}