{"systemName":"Otherwise 0726498.[9454,94,-761,04,-59031,18]","playerPos":{"x":-245.261261,"y":-430.761353,"z":-206.619354,"normalized":{"x":-0.456700325,"y":-0.802119553,"z":-0.38474533,"normalized":{"x":-0.456700355,"y":-0.8021196,"z":-0.384745359,"magnitude":1.0,"sqrMagnitude":1.00000012},"magnitude":0.99999994,"sqrMagnitude":0.99999994},"magnitude":537.0289,"sqrMagnitude":288400.0},"worldPos":{"x":-2774.00049,"y":-2709.81323,"z":-2826.27246,"normalized":{"x":-0.578092635,"y":-0.5647162,"z":-0.588986,"magnitude":1.0,"sqrMagnitude":1.0},"magnitude":4798.53955,"sqrMagnitude":23025982.0}}