{"systemName":"Successfully 0512414.[45937,03,214,84,-63839,25]","playerPos":{"x":153.708771,"y":-31.3843918,"z":854.1581,"normalized":{"x":0.176993027,"y":-0.03613859,"z":0.9835484,"magnitude":1.0,"sqrMagnitude":1.0},"magnitude":868.4454,"sqrMagnitude":754197.4},"worldPos":{"x":762.31134,"y":-30.7032433,"z":-2023.43921,"normalized":{"x":0.3525154,"y":-0.0141980909,"z":-0.93569833,"magnitude":1.0,"sqrMagnitude":1.0},"magnitude":2162.491,"sqrMagnitude":4676367.5}}