{"systemName":"Pn 0288546.[-3036,44,2470,95,-45296,20]","playerPos":{"x":58.4204521,"y":4.266995,"z":-490.6506,"normalized":{"x":0.118227772,"y":0.008635286,"z":-0.992948949,"magnitude":1.0,"sqrMagnitude":1.0},"magnitude":494.134766,"sqrMagnitude":244169.172},"worldPos":{"x":-1623.62817,"y":-6.21480751,"z":-3315.84888,"normalized":{"x":-0.4397661,"y":-0.00168330513,"z":-0.898110747,"magnitude":1.0,"sqrMagnitude":1.0},"magnitude":3692.02661,"sqrMagnitude":13631061.0}}