{"systemName":"Litus 0147321.[-11703,90,3907,98,-75030,13]","playerPos":{"x":26.04761,"y":-90.27641,"z":8.534698,"normalized":{"x":0.276086271,"y":-0.956866264,"z":0.0904617757,"magnitude":1.0,"sqrMagnitude":1.0},"magnitude":94.3459,"sqrMagnitude":8901.149},"worldPos":{"x":-4113.39648,"y":-4113.39648,"z":-4113.39648,"normalized":{"x":-0.577350259,"y":-0.577350259,"z":-0.577350259,"magnitude":1.0,"sqrMagnitude":0.99999994},"magnitude":7124.612,"sqrMagnitude":50760092.0}}