{"systemName":"Fortia 0704684.[-5470,34,4684,07,-73682,96]","playerPos":{"x":392.3487,"y":392.3487,"z":392.3487,"normalized":{"x":0.577350259,"y":0.577350259,"z":0.577350259,"magnitude":1.0,"sqrMagnitude":0.99999994},"magnitude":679.5679,"sqrMagnitude":461812.5},"worldPos":{"x":0.0,"y":0.0,"z":0.0,"magnitude":0.0,"sqrMagnitude":0.0}}