{"systemName":"Reader 0613693.[-52781,20,3682,54,-67488,45]","playerPos":{"x":569.1749,"y":-46.1247559,"z":-82.95517,"normalized":{"x":0.986378849,"y":-0.0799341,"z":-0.143761128,"magnitude":1.0,"sqrMagnitude":0.99999994},"magnitude":577.0348,"sqrMagnitude":332969.156},"worldPos":{"x":-3664.4292,"y":-37.0409927,"z":-342.6184,"normalized":{"x":-0.995607,"y":-0.0100638522,"z":-0.0930877,"normalized":{"x":-0.9956071,"y":-0.0100638531,"z":-0.09308771,"magnitude":1.0,"sqrMagnitude":1.0},"magnitude":0.99999994,"sqrMagnitude":0.99999994},"magnitude":3680.598,"sqrMagnitude":13546801.0}}