{"systemName":"Liberia 0473553.[-19965,43,2200,82,-24325,26]","playerPos":{"x":-97.4965439,"y":-185.704758,"z":-351.746216,"normalized":{"x":-0.238067642,"y":-0.453454971,"z":-0.858896,"magnitude":1.0,"sqrMagnitude":1.0},"magnitude":409.532959,"sqrMagnitude":167717.234},"worldPos":{"x":-1966.68909,"y":-368.181946,"z":-2320.57739,"normalized":{"x":-0.6418559,"y":-0.120161213,"z":-0.7573522,"magnitude":1.0,"sqrMagnitude":1.0},"magnitude":3064.06641,"sqrMagnitude":9388503.0}}