{"systemName":"Quantum 0662806.[38393,69,-3786,18,-33291,92]","playerPos":{"x":-306.250641,"y":-212.690857,"z":-113.837578,"normalized":{"x":-0.785552859,"y":-0.5455659,"z":-0.2920008,"normalized":{"x":-0.7855529,"y":-0.545565963,"z":-0.29200083,"magnitude":1.0,"sqrMagnitude":1.00000012},"magnitude":0.99999994,"sqrMagnitude":0.99999994},"magnitude":389.853638,"sqrMagnitude":151985.844},"worldPos":{"x":1866.7854,"y":-214.731384,"z":-1077.1759,"normalized":{"x":0.8618815,"y":-0.09913994,"z":-0.4973244,"magnitude":1.0,"sqrMagnitude":1.0},"magnitude":2165.94214,"sqrMagnitude":4691305.0}}