{"systemName":"Specialized 0473528.[-37024,33,-2680,89,-87433,51]","playerPos":{"x":-577.5901,"y":-457.766724,"z":-380.7483,"normalized":{"x":-0.6962809,"y":-0.551834643,"z":-0.458989471,"normalized":{"x":-0.696280956,"y":-0.5518347,"z":-0.4589895,"magnitude":1.0,"sqrMagnitude":1.00000012},"magnitude":0.99999994,"sqrMagnitude":0.9999999},"magnitude":829.536,"sqrMagnitude":688129.938},"worldPos":{"x":1394.6604,"y":-455.196228,"z":-782.1084,"normalized":{"x":0.838883042,"y":-0.273798853,"z":-0.4704353,"normalized":{"x":0.8388831,"y":-0.273798883,"z":-0.470435321,"magnitude":1.0,"sqrMagnitude":1.00000012},"magnitude":0.99999994,"sqrMagnitude":0.99999994},"magnitude":1662.52063,"sqrMagnitude":2763974.75}}