{"systemName":"Ita 0803629.[-3417,72,1523,39,-59387,61]","playerPos":{"x":4.00841236E-06,"y":-2.94297934E-06,"z":3.09944153E-06,"normalized":{"x":0.0,"y":0.0,"z":0.0,"magnitude":0.0,"sqrMagnitude":0.0},"magnitude":5.85961061E-06,"sqrMagnitude":3.43350348E-11},"worldPos":{"x":-641.120544,"y":-641.120544,"z":-1186.22925,"normalized":{"x":-0.429402053,"y":-0.429402053,"z":-0.794498444,"magnitude":1.0,"sqrMagnitude":1.0},"magnitude":1493.0542,"sqrMagnitude":2229211.0}}