{"systemName":"Procurement 0434362.[12172,71,887,03,-73567,46]","playerPos":{"x":-277.0263,"y":-656.078857,"z":-197.819717,"normalized":{"x":-0.374799639,"y":-0.8876346,"z":-0.267637968,"magnitude":1.0,"sqrMagnitude":1.0},"magnitude":739.1317,"sqrMagnitude":546315.7},"worldPos":{"x":-1631.02319,"y":-663.7765,"z":-1808.76282,"normalized":{"x":-0.646110237,"y":-0.262947053,"z":-0.7165196,"normalized":{"x":-0.6461103,"y":-0.262947083,"z":-0.716519654,"magnitude":1.0,"sqrMagnitude":1.00000012},"magnitude":0.99999994,"sqrMagnitude":0.99999994},"magnitude":2524.373,"sqrMagnitude":6372459.0}}