{"systemName":"Information 0497062.[-85590,49,3112,25,9313,47]","playerPos":{"x":220.9143,"y":-57.9061356,"z":-636.876465,"normalized":{"x":0.326513529,"y":-0.08558584,"z":-0.94130975,"magnitude":1.0,"sqrMagnitude":1.00000012},"magnitude":676.585449,"sqrMagnitude":457767.875},"worldPos":{"x":-2305.026,"y":-65.46096,"z":5719.197,"normalized":{"x":-0.373793542,"y":-0.0106154494,"z":0.927451134,"normalized":{"x":-0.373793572,"y":-0.01061545,"z":0.9274512,"magnitude":1.0,"sqrMagnitude":1.0},"magnitude":0.99999994,"sqrMagnitude":0.9999999},"magnitude":6166.57471,"sqrMagnitude":3.802664E+07}}