{"systemName":"Potential 0371206.[31503,79,-672,17,-29183,24]","playerPos":{"x":-8.48259449,"y":-10.4290648,"z":-19.851738,"normalized":{"x":-0.3538067,"y":-0.434993446,"z":-0.828010559,"magnitude":1.0,"sqrMagnitude":0.99999994},"magnitude":23.9752235,"sqrMagnitude":574.8113},"worldPos":{"x":-3840.46973,"y":-3840.46973,"z":-5778.866,"normalized":{"x":-0.484262377,"y":-0.484262377,"z":-0.72868365,"magnitude":1.0,"sqrMagnitude":0.99999994},"magnitude":7930.55566,"sqrMagnitude":6.289371E+07}}