{"systemName":"Substantially 0099161.[60994,54,-1301,99,22877,00]","playerPos":{"x":0.0,"y":834.5095,"z":1390.84924,"normalized":{"x":0.0,"y":0.51449573,"z":0.8574929,"magnitude":1.0,"sqrMagnitude":1.0},"magnitude":1621.995,"sqrMagnitude":2630867.75},"worldPos":{"x":0.0,"y":0.0,"z":0.0,"magnitude":0.0,"sqrMagnitude":0.0}}