{"systemName":"Browsers 0277265.[-11705,27,4993,52,-71539,88]","playerPos":{"x":-6.51242161,"y":-10.44722,"z":-7.52749538,"normalized":{"x":-0.45131743,"y":-0.724002957,"z":-0.52166307,"magnitude":1.0,"sqrMagnitude":1.00000012},"magnitude":14.4298029,"sqrMagnitude":208.219223},"worldPos":{"x":-2799.97339,"y":-2799.97339,"z":-2799.97339,"normalized":{"x":-0.577350259,"y":-0.577350259,"z":-0.577350259,"magnitude":1.0,"sqrMagnitude":0.99999994},"magnitude":4849.69629,"sqrMagnitude":23519552.0}}