{"systemName":"Loci 0863761.[634,41,-667,52,-67893,90]","playerPos":{"x":-949.2977,"y":219.186554,"z":109.052437,"normalized":{"x":-0.9683176,"y":0.223578125,"z":0.111237384,"magnitude":1.0,"sqrMagnitude":0.99999994},"magnitude":980.3578,"sqrMagnitude":961101.4},"worldPos":{"x":152.475586,"y":218.462921,"z":312.253174,"normalized":{"x":0.371475458,"y":0.532240033,"z":0.760740757,"magnitude":1.0,"sqrMagnitude":0.99999994},"magnitude":410.459381,"sqrMagnitude":168476.891}}