{"systemName":"Feelings 0460337.[20365,66,3291,52,-71376,71]","playerPos":{"x":161.76152,"y":-2.90180326,"z":145.28891,"normalized":{"x":0.7439055,"y":-0.0133447517,"z":0.6681516,"magnitude":1.0,"sqrMagnitude":1.0},"magnitude":217.44902,"sqrMagnitude":47284.08},"worldPos":{"x":-4845.911,"y":-5.615555,"z":-3400.736,"normalized":{"x":-0.8185487,"y":-0.000948553265,"z":-0.5744364,"magnitude":1.0,"sqrMagnitude":1.0},"magnitude":5920.126,"sqrMagnitude":35047892.0}}