{"systemName":"Headed 0745191.[-94201,30,-799,31,-25942,41]","playerPos":{"x":581.6066,"y":-12.4480686,"z":-544.5625,"normalized":{"x":0.7298824,"y":-0.0156216007,"z":-0.6833942,"magnitude":1.0,"sqrMagnitude":1.0},"magnitude":796.849731,"sqrMagnitude":634969.563},"worldPos":{"x":0.0,"y":0.0,"z":0.0,"magnitude":0.0,"sqrMagnitude":0.0}}