{"systemName":"Information 0497062.[-85590,49,3112,25,9313,47]","playerPos":{"x":542.27124,"y":-9.198918,"z":-54.2559128,"normalized":{"x":0.9948903,"y":-0.0168770049,"z":-0.09954184,"magnitude":1.0,"sqrMagnitude":1.00000012},"magnitude":545.056335,"sqrMagnitude":297086.438},"worldPos":{"x":1116.74585,"y":-1.19098473,"z":734.765564,"normalized":{"x":0.8353947,"y":-0.00089092995,"z":0.5496499,"magnitude":1.0,"sqrMagnitude":1.00000012},"magnitude":1336.78833,"sqrMagnitude":1787003.13}}