{"systemName":"Relay 0014934.[10266,30,-1289,92,-65074,85]","playerPos":{"x":0.0,"y":160.494431,"z":267.490753,"normalized":{"x":0.0,"y":0.51449573,"z":0.857493,"magnitude":1.0,"sqrMagnitude":1.00000012},"magnitude":311.945129,"sqrMagnitude":97309.7656},"worldPos":{"x":0.0,"y":0.0,"z":0.0,"magnitude":0.0,"sqrMagnitude":0.0}}