{"systemName":"Brave 0794761.[40420,79,-2695,25,-58880,20]","playerPos":{"x":0.0,"y":385.179535,"z":962.9489,"normalized":{"x":0.0,"y":0.371390671,"z":0.928476751,"magnitude":1.0,"sqrMagnitude":1.00000012},"magnitude":1037.12769,"sqrMagnitude":1075633.88},"worldPos":{"x":0.0,"y":0.0,"z":0.0,"magnitude":0.0,"sqrMagnitude":0.0}}