{"systemName":"Usr 0775866.[-26243,81,3579,55,-19218,62]","playerPos":{"x":568.1174,"y":-171.332687,"z":775.470642,"normalized":{"x":0.5818155,"y":-0.175463751,"z":0.7941683,"magnitude":1.0,"sqrMagnitude":1.00000012},"magnitude":976.4563,"sqrMagnitude":953466.938},"worldPos":{"x":-11936.4014,"y":530.9052,"z":-18402.5234,"normalized":{"x":-0.544019938,"y":0.0241968241,"z":-0.8387234,"normalized":{"x":-0.5440199,"y":0.02419682,"z":-0.8387233,"normalized":{"x":-0.544019938,"y":0.0241968222,"z":-0.838723361,"magnitude":1.0,"sqrMagnitude":1.0},"magnitude":0.99999994,"sqrMagnitude":0.9999999},"magnitude":1.00000012,"sqrMagnitude":1.00000012},"magnitude":21941.1113,"sqrMagnitude":4.814124E+08}}