{"systemName":"Filling 0776934.[38322,55,2148,44,-34690,99]","playerPos":{"x":582.401245,"y":-143.866653,"z":688.324951,"normalized":{"x":0.637855947,"y":-0.157565251,"z":0.7538654,"magnitude":1.0,"sqrMagnitude":1.00000012},"magnitude":913.0608,"sqrMagnitude":833680.063},"worldPos":{"x":1453.28857,"y":120.965256,"z":-6420.49463,"normalized":{"x":0.2207294,"y":0.01837253,"z":-0.9751621,"magnitude":1.0,"sqrMagnitude":1.00000012},"magnitude":6584.02832,"sqrMagnitude":4.334943E+07}}