{"systemName":"Cat 0199653.[8367,82,1276,19,-79869,29]","playerPos":{"x":-161.52005,"y":-68.41246,"z":-202.13884,"normalized":{"x":-0.603506148,"y":-0.2556174,"z":-0.755274832,"magnitude":1.0,"sqrMagnitude":1.0},"magnitude":267.636139,"sqrMagnitude":71629.1},"worldPos":{"x":7325.566,"y":1708.14819,"z":8135.39063,"normalized":{"x":0.6611525,"y":0.154165074,"z":0.7342414,"magnitude":1.0,"sqrMagnitude":0.99999994},"magnitude":11079.9941,"sqrMagnitude":122766264.0}}