{"systemName":"Headed 0745191.[-94201,30,-799,31,-25942,41]","playerPos":{"x":-38.16827,"y":2.79057574,"z":-48.8491974,"normalized":{"x":-0.6150696,"y":0.0449692458,"z":-0.7871894,"magnitude":1.0,"sqrMagnitude":1.00000012},"magnitude":62.0552025,"sqrMagnitude":3850.84814},"worldPos":{"x":2293.763,"y":27.8510818,"z":4138.15625,"normalized":{"x":0.484792441,"y":0.00588639453,"z":0.8746095,"magnitude":1.0,"sqrMagnitude":1.00000012},"magnitude":4731.433,"sqrMagnitude":22386462.0}}