{"systemName":"Leone 0414295.[27360,73,2892,05,-58515,43]","playerPos":{"x":0.0,"y":2779.24756,"z":2779.24756,"normalized":{"x":0.0,"y":0.707106769,"z":0.707106769,"magnitude":1.0,"sqrMagnitude":0.99999994},"magnitude":3930.44971,"sqrMagnitude":15448434.0},"worldPos":{"x":0.0,"y":0.0,"z":0.0,"magnitude":0.0,"sqrMagnitude":0.0}}