{"systemName":"Apart 0838163.[7391,50,4623,70,-81115,68]","playerPos":{"x":2.2366643E-05,"y":-1.2665987E-07,"z":5.90086E-06,"normalized":{"x":0.9669013,"y":-0.005475457,"z":0.255091876,"magnitude":1.0,"sqrMagnitude":1.0},"magnitude":2.3132292E-05,"sqrMagnitude":5.351029E-10},"worldPos":{"x":-837.9125,"y":-837.9125,"z":-837.9125,"normalized":{"x":-0.577350259,"y":-0.577350259,"z":-0.577350259,"magnitude":1.0,"sqrMagnitude":0.99999994},"magnitude":1451.307,"sqrMagnitude":2106292.0}}