{"systemName":"Fortia 0704684.[-5470,34,4684,07,-73682,96]","playerPos":{"x":392.1803,"y":391.575378,"z":391.437561,"normalized":{"x":0.578012168,"y":0.5771206,"z":0.57691747,"magnitude":1.0,"sqrMagnitude":1.0},"magnitude":678.498352,"sqrMagnitude":460360.031},"worldPos":{"x":0.0,"y":0.0,"z":0.0,"magnitude":0.0,"sqrMagnitude":0.0}}