{"systemName":"Filling 0776934.[38322,55,2148,44,-34690,99]","playerPos":{"x":-25.2665367,"y":-42.285347,"z":-51.5165825,"normalized":{"x":-0.354483873,"y":-0.59325397,"z":-0.722766161,"magnitude":1.0,"sqrMagnitude":1.0},"magnitude":71.27697,"sqrMagnitude":5080.40674},"worldPos":{"x":4486.037,"y":-4398.965,"z":-2535.81738,"normalized":{"x":0.6621084,"y":-0.6492572,"z":-0.374269336,"magnitude":1.0,"sqrMagnitude":1.0},"magnitude":6775.38135,"sqrMagnitude":4.590579E+07}}