{"systemName":"Lycos 0414097.[54179,80,-4861,51,-53346,17]","playerPos":{"x":-34.1555519,"y":-5.83812475,"z":424.352325,"normalized":{"x":-0.08022166,"y":-0.0137120914,"z":0.9966827,"magnitude":1.0,"sqrMagnitude":0.99999994},"magnitude":425.7647,"sqrMagnitude":181275.578},"worldPos":{"x":-1185.29907,"y":139.744431,"z":-2704.32861,"normalized":{"x":-0.4009826,"y":0.04727506,"z":-0.9148651,"magnitude":1.0,"sqrMagnitude":1.00000012},"magnitude":2955.98633,"sqrMagnitude":8737856.0}}