{"systemName":"Rotary 0475048.[-2053,43,3688,24,-77355,72]","playerPos":{"x":0.0,"y":806.9305,"z":1008.663,"normalized":{"x":0.0,"y":0.624695063,"z":0.780868769,"magnitude":1.0,"sqrMagnitude":0.99999994},"magnitude":1291.719,"sqrMagnitude":1668537.88},"worldPos":{"x":0.0,"y":0.0,"z":0.0,"magnitude":0.0,"sqrMagnitude":0.0}}