{"systemName":"Information 0497062.[-85590,49,3112,25,9313,47]","playerPos":{"x":-34.0012,"y":-153.812622,"z":-661.8394,"normalized":{"x":-0.0499776825,"y":-0.22608608,"z":-0.972824454,"magnitude":1.0,"sqrMagnitude":1.00000012},"magnitude":680.3277,"sqrMagnitude":462845.8},"worldPos":{"x":4727.631,"y":-155.768219,"z":-6599.831,"normalized":{"x":0.582228839,"y":-0.01918355,"z":-0.8127986,"magnitude":1.0,"sqrMagnitude":1.0},"magnitude":8119.885,"sqrMagnitude":6.593253E+07}}