{"systemName":"Result 0175845.[36370,02,-1467,72,-10843,17]","playerPos":{"x":570.7059,"y":-56.45114,"z":-76.83899,"normalized":{"x":0.9863297,"y":-0.0975624,"z":-0.132797956,"magnitude":1.0,"sqrMagnitude":0.99999994},"magnitude":578.6157,"sqrMagnitude":334796.156},"worldPos":{"x":-680.1637,"y":-56.89908,"z":7093.366,"normalized":{"x":-0.09544645,"y":-0.007984571,"z":0.9954025,"magnitude":1.0,"sqrMagnitude":0.99999994},"magnitude":7126.12842,"sqrMagnitude":50781704.0}}