{"systemName":"Recruiting 0899056.[-4812,94,3770,09,-78868,01]","playerPos":{"x":-173.903961,"y":751.825256,"z":12.95677,"normalized":{"x":-0.22532703,"y":0.974138558,"z":0.0167880617,"magnitude":1.0,"sqrMagnitude":1.0},"magnitude":771.7847,"sqrMagnitude":595651.7},"worldPos":{"x":19960.6523,"y":757.7853,"z":-5647.159,"normalized":{"x":0.961590946,"y":0.0365057923,"z":-0.2720481,"magnitude":1.0,"sqrMagnitude":1.0},"magnitude":20757.9453,"sqrMagnitude":4.308923E+08}}