{"systemName":"Kerry 0555211.[-4238,21,3314,71,-53224,02]","playerPos":{"x":709.39624,"y":-6.674823,"z":-412.695343,"normalized":{"x":0.8643432,"y":-0.008132744,"z":-0.502836645,"magnitude":1.0,"sqrMagnitude":1.0},"magnitude":820.734436,"sqrMagnitude":673605.0},"worldPos":{"x":-2678.36377,"y":-10.1776724,"z":1344.00952,"normalized":{"x":-0.8937767,"y":-0.0033963148,"z":0.448499352,"magnitude":1.0,"sqrMagnitude":1.0},"magnitude":2996.68115,"sqrMagnitude":8980098.0}}