{"systemName":"Vat 0232212.[12872,30,1001,77,-48287,11]","playerPos":{"x":-348.844757,"y":-234.000626,"z":-244.115082,"normalized":{"x":-0.718023,"y":-0.4816407,"z":-0.502459168,"magnitude":1.0,"sqrMagnitude":1.0},"magnitude":485.840637,"sqrMagnitude":236041.125},"worldPos":{"x":-357.827454,"y":-357.827454,"z":-1417.77856,"normalized":{"x":-0.237698659,"y":-0.237698659,"z":-0.9418061,"magnitude":1.0,"sqrMagnitude":1.0},"magnitude":1505.38269,"sqrMagnitude":2266177.0}}