{"systemName":"Says 0995115.[51705,74,-1830,36,-47135,27]","playerPos":{"x":-325.6306,"y":-703.3015,"z":-227.848175,"normalized":{"x":-0.403094918,"y":-0.870609939,"z":-0.282051,"magnitude":1.0,"sqrMagnitude":0.99999994},"magnitude":807.8262,"sqrMagnitude":652583.1},"worldPos":{"x":-1687.06152,"y":-703.342651,"z":-1918.25073,"normalized":{"x":-0.6367153,"y":-0.265449136,"z":-0.723968565,"magnitude":1.0,"sqrMagnitude":1.00000012},"magnitude":2649.63257,"sqrMagnitude":7020553.5}}