{"systemName":"Feelings 0460337.[20365,66,3291,52,-71376,71]","playerPos":{"x":413.357422,"y":-4.887973,"z":-66.8055038,"normalized":{"x":0.987123132,"y":-0.0116727818,"z":-0.159535676,"magnitude":1.0,"sqrMagnitude":0.99999994},"magnitude":418.7496,"sqrMagnitude":175351.219},"worldPos":{"x":0.0,"y":0.0,"z":0.0,"magnitude":0.0,"sqrMagnitude":0.0}}