{"systemName":"Unlimited 0873993.[-31078,00,-3227,48,-61538,02]","playerPos":{"x":832.7763,"y":4.124533,"z":4601.56055,"normalized":{"x":0.178083986,"y":0.000882005552,"z":0.984014869,"magnitude":1.0,"sqrMagnitude":0.99999994},"magnitude":4676.312,"sqrMagnitude":21867892.0},"worldPos":{"x":0.0,"y":0.0,"z":0.0,"magnitude":0.0,"sqrMagnitude":0.0}}