{"systemName":"Webcast 0696681.[62162,45,1557,94,-24222,94]","playerPos":{"x":0.0,"y":2570.497,"z":2570.497,"normalized":{"x":0.0,"y":0.707106769,"z":0.707106769,"magnitude":1.0,"sqrMagnitude":0.99999994},"magnitude":3635.232,"sqrMagnitude":1.321491E+07},"worldPos":{"x":0.0,"y":0.0,"z":0.0,"magnitude":0.0,"sqrMagnitude":0.0}}